"Time (UTCG)","x (km)","y (km)","z (km)"
22 Nov 2018 01:42:31.229,5290.123478,3517.094554,568.070757
22 Nov 2018 01:42:36.229,5289.124386,3519.213791,568.104046
22 Nov 2018 01:42:41.229,5288.674425,3521.731347,568.202824
22 Nov 2018 01:42:46.229,5288.725801,3524.697941,568.378157
22 Nov 2018 01:42:51.229,5289.198517,3528.191869,568.647365
22 Nov 2018 01:42:56.229,5289.977937,3532.305221,569.031364
22 Nov 2018 01:43:01.229,5290.919514,3537.124120,569.550656
22 Nov 2018 01:43:06.229,5291.864467,3542.708795,570.221011
22 Nov 2018 01:43:11.229,5292.662557,3549.082784,571.050775
22 Nov 2018 01:43:16.229,5293.191379,3556.235845,572.040968
22 Nov 2018 01:43:21.229,5293.364157,3564.135994,573.187461
22 Nov 2018 01:43:26.229,5293.126667,3572.742311,574.483572
22 Nov 2018 01:43:31.229,5292.449036,3582.013655,575.921984
22 Nov 2018 01:43:36.229,5291.317360,3591.912843,577.495771
22 Nov 2018 01:43:41.229,5289.727262,3602.407852,579.198796
22 Nov 2018 01:43:46.229,5287.679630,3613.471572,581.025758
22 Nov 2018 01:43:51.229,5285.177999,3625.081026,582.972110
22 Nov 2018 01:43:56.229,5282.227051,3637.216535,585.033926
22 Nov 2018 01:44:01.229,5278.831781,3649.860966,587.207777
22 Nov 2018 01:44:06.229,5274.997055,3662.999138,589.490618
22 Nov 2018 01:44:11.229,5270.727402,3676.617356,591.879709
22 Nov 2018 01:44:16.229,5266.026922,3690.703052,594.372541
22 Nov 2018 01:44:21.229,5260.899270,3705.244518,596.966786
22 Nov 2018 01:44:26.229,5255.347666,3720.230706,599.660257
22 Nov 2018 01:44:31.229,5249.374934,3735.651067,602.450875
22 Nov 2018 01:44:36.229,5242.983533,3751.495442,605.336647
22 Nov 2018 01:44:41.229,5236.175605,3767.753966,608.315648
22 Nov 2018 01:44:46.229,5228.953011,3784.417002,611.386000
22 Nov 2018 01:44:51.229,5221.317366,3801.475084,614.545871
22 Nov 2018 01:44:56.229,5213.270076,3818.918879,617.793456
22 Nov 2018 01:45:01.229,5204.812366,3836.739150,621.126975
22 Nov 2018 01:45:06.229,5195.945307,3854.926733,624.544668
22 Nov 2018 01:45:11.229,5186.669843,3873.472517,628.044786
22 Nov 2018 01:45:16.229,5176.986810,3892.367423,631.625591
22 Nov 2018 01:45:21.229,5166.896955,3911.602399,635.285353
22 Nov 2018 01:45:26.229,5156.400960,3931.168401,639.022344
22 Nov 2018 01:45:31.229,5145.499447,3951.056395,642.834841
22 Nov 2018 01:45:36.229,5134.193005,3971.257342,646.721119
22 Nov 2018 01:45:41.229,5122.482193,3991.762198,650.679454
22 Nov 2018 01:45:46.229,5110.367558,4012.561909,654.708123
22 Nov 2018 01:45:51.229,5097.849644,4033.647410,658.805396
22 Nov 2018 01:45:56.229,5084.929001,4055.009621,662.969545
22 Nov 2018 01:46:01.229,5071.606197,4076.639450,667.198835
22 Nov 2018 01:46:06.229,5057.881826,4098.527786,671.491530
22 Nov 2018 01:46:11.229,5043.756515,4120.665507,675.845889
22 Nov 2018 01:46:16.229,5029.230931,4143.043472,680.260167
22 Nov 2018 01:46:21.229,5014.305792,4165.652531,684.732616
22 Nov 2018 01:46:26.229,4998.981868,4188.483518,689.261482
22 Nov 2018 01:46:31.229,4983.259992,4211.527256,693.845011
22 Nov 2018 01:46:36.229,4967.141064,4234.774562,698.481442
22 Nov 2018 01:46:41.229,4950.626057,4258.216242,703.169011
22 Nov 2018 01:46:46.229,4933.716020,4281.843098,707.905953
22 Nov 2018 01:46:51.229,4916.412087,4305.645929,712.690497
22 Nov 2018 01:46:56.229,4898.715478,4329.615533,717.520871
22 Nov 2018 01:47:01.229,4880.627506,4353.742711,722.395302
22 Nov 2018 01:47:06.229,4862.149580,4378.018266,727.312013
22 Nov 2018 01:47:11.229,4843.283210,4402.433011,732.269227
22 Nov 2018 01:47:16.229,4824.030007,4426.977768,737.265164
22 Nov 2018 01:47:21.229,4804.391691,4451.643372,742.298046
22 Nov 2018 01:47:26.229,4784.370096,4476.420677,747.366094
22 Nov 2018 01:47:31.229,4763.967164,4501.300552,752.467528
22 Nov 2018 01:47:36.229,4743.184958,4526.273893,757.600570
22 Nov 2018 01:47:41.229,4722.025659,4551.331618,762.763445
22 Nov 2018 01:47:46.229,4700.491572,4576.464678,767.954377
22 Nov 2018 01:47:51.229,4678.585125,4601.664055,773.171594
22 Nov 2018 01:47:56.229,4656.308873,4626.920766,778.413328
22 Nov 2018 01:48:01.229,4633.665501,4652.225869,783.677813
22 Nov 2018 01:48:06.229,4610.657825,4677.570465,788.963288
22 Nov 2018 01:48:11.229,4587.288793,4702.945702,794.267998
22 Nov 2018 01:48:16.229,4563.561487,4728.342777,799.590191
22 Nov 2018 01:48:21.229,4539.479127,4753.752940,804.928122
22 Nov 2018 01:48:26.229,4515.045069,4779.167501,810.280055
22 Nov 2018 01:48:31.229,4490.262807,4804.577829,815.644258
22 Nov 2018 01:48:36.229,4465.135974,4829.975357,821.019008
22 Nov 2018 01:48:41.229,4439.668345,4855.351588,826.402592
22 Nov 2018 01:48:46.229,4413.863835,4880.698096,831.793305
22 Nov 2018 01:48:51.229,4387.726499,4906.006529,837.189452
22 Nov 2018 01:48:56.229,4361.260537,4931.268615,842.589349
22 Nov 2018 01:49:01.229,4334.470289,4956.476165,847.991321
22 Nov 2018 01:49:06.229,4307.360238,4981.621076,853.393709
22 Nov 2018 01:49:11.229,4279.935011,5006.695334,858.794862
22 Nov 2018 01:49:16.229,4252.199374,5031.691018,864.193145
22 Nov 2018 01:49:21.229,4224.158239,5056.600305,869.586935
22 Nov 2018 01:49:26.229,4195.816656,5081.415471,874.974626
22 Nov 2018 01:49:31.229,4167.179819,5106.128896,880.354624
22 Nov 2018 01:49:36.229,4138.253062,5130.733068,885.725352
22 Nov 2018 01:49:41.229,4109.041857,5155.220584,891.085249
22 Nov 2018 01:49:46.229,4079.551816,5179.584155,896.432772
22 Nov 2018 01:49:51.229,4049.788691,5203.816610,901.766395
22 Nov 2018 01:49:56.229,4019.758366,5227.910897,907.084608
22 Nov 2018 01:50:01.229,3989.466866,5251.860088,912.385924
22 Nov 2018 01:50:06.229,3958.920346,5275.657382,917.668872
22 Nov 2018 01:50:11.229,3928.125096,5299.296107,922.932002
22 Nov 2018 01:50:16.229,3897.087535,5322.769724,928.173885
22 Nov 2018 01:50:21.229,3865.814213,5346.071830,933.393113
22 Nov 2018 01:50:26.229,3834.311807,5369.196158,938.588298
22 Nov 2018 01:50:31.229,3802.587120,5392.136586,943.758078
22 Nov 2018 01:50:36.229,3770.647078,5414.887132,948.901110
22 Nov 2018 01:50:41.229,3738.498730,5437.441963,954.016076
22 Nov 2018 01:50:46.229,3706.149242,5459.795395,959.101683
22 Nov 2018 01:50:51.229,3673.605899,5481.941895,964.156660
22 Nov 2018 01:50:56.229,3640.876100,5503.876083,969.179762
22 Nov 2018 01:51:01.229,3607.967358,5525.592738,974.169771
22 Nov 2018 01:51:06.229,3574.887291,5547.086794,979.125491
22 Nov 2018 01:51:11.229,3541.643630,5568.353348,984.045757
22 Nov 2018 01:51:16.229,3508.244207,5589.387659,988.929426
22 Nov 2018 01:51:21.229,3474.696956,5610.185150,993.775386
22 Nov 2018 01:51:26.229,3441.009910,5630.741411,998.582550
22 Nov 2018 01:51:31.229,3407.191199,5651.052200,1003.349860
22 Nov 2018 01:51:36.229,3373.249044,5671.113444,1008.076287
22 Nov 2018 01:51:41.229,3339.191758,5690.921242,1012.760829
22 Nov 2018 01:51:46.229,3305.027740,5710.471866,1017.402514
22 Nov 2018 01:51:51.229,3270.765472,5729.761760,1022.000399
22 Nov 2018 01:51:56.229,3236.413519,5748.787544,1026.553571
22 Nov 2018 01:52:01.229,3201.980521,5767.546016,1031.061146
22 Nov 2018 01:52:06.229,3167.475194,5786.034149,1035.522272
22 Nov 2018 01:52:11.229,3132.906323,5804.249094,1039.936125
22 Nov 2018 01:52:16.229,3098.282763,5822.188182,1044.301913
22 Nov 2018 01:52:21.229,3063.613432,5839.848922,1048.618875
22 Nov 2018 01:52:26.229,3028.907308,5857.229005,1052.886280
22 Nov 2018 01:52:31.229,2994.173429,5874.326299,1057.103429
22 Nov 2018 01:53:31.229,2570.350559,6063.458175,1104.807417
22 Nov 2018 01:54:37.941,2084.652682,6239.378395,1151.564306
22 Nov 2018 01:55:44.632,1586.688191,6378.074156,1191.426225
22 Nov 2018 01:56:51.265,1079.721945,6478.729332,1224.149178
22 Nov 2018 01:57:57.861,566.629700,6540.886918,1249.569041
22 Nov 2018 01:59:04.482,49.984941,6564.282316,1267.567017
22 Nov 2018 02:00:03.968,-411.671014,6552.306318,1277.274758
22 Nov 2018 02:01:03.976,-875.403954,6508.903042,1280.943756
22 Nov 2018 02:02:10.694,-1385.966984,6424.022981,1277.791823
22 Nov 2018 02:03:17.455,-1888.650243,6301.040783,1267.047743
22 Nov 2018 02:04:24.298,-2380.760219,6140.575033,1248.761577
22 Nov 2018 02:05:31.232,-2859.423847,5943.483584,1223.025244
22 Nov 2018 02:06:38.258,-3321.780281,5710.859753,1189.976708
22 Nov 2018 02:07:45.395,-3765.175466,5443.937378,1149.786607
22 Nov 2018 02:08:52.649,-4186.958747,5144.186171,1102.671492
22 Nov 2018 02:10:00.005,-4584.472389,4813.377279,1048.906327
22 Nov 2018 02:11:09.588,-4966.514265,4441.637502,986.807802
22 Nov 2018 02:12:17.232,-5307.839298,4053.322586,920.440102
22 Nov 2018 02:13:25.097,-5618.502358,3639.475858,848.330267
22 Nov 2018 02:14:33.150,-5896.286927,3202.630224,770.912606
22 Nov 2018 02:15:41.313,-6139.077171,2745.828173,688.722810
22 Nov 2018 02:16:49.479,-6345.046157,2272.531525,602.385381
22 Nov 2018 02:17:57.677,-6513.121614,1785.406033,512.390290
22 Nov 2018 02:19:05.946,-6642.412426,1287.093984,419.227755
22 Nov 2018 02:20:14.304,-6732.148091,780.435457,323.429512
22 Nov 2018 02:21:22.757,-6781.744847,268.405239,225.558269
22 Nov 2018 02:22:31.301,-6790.842857,-245.911583,126.203913
22 Nov 2018 02:23:39.062,-6759.982930,-752.923680,27.239294
22 Nov 2018 02:24:47.710,-6688.592882,-1262.092633,-73.180492
22 Nov 2018 02:25:53.180,-6583.352254,-1740.726239,-168.552462
22 Nov 2018 02:27:01.972,-6434.405190,-2233.453960,-267.768789
22 Nov 2018 02:28:10.851,-6246.835832,-2713.465070,-365.506144
22 Nov 2018 02:29:19.800,-6021.751478,-3177.752440,-461.152194
22 Nov 2018 02:30:28.812,-5760.475842,-3623.475049,-554.121287
22 Nov 2018 02:31:37.903,-5464.455276,-4048.041136,-643.873011
22 Nov 2018 02:32:47.081,-5135.350528,-4448.909395,-729.871430
22 Nov 2018 02:33:56.349,-4775.033196,-4823.629364,-811.593020
22 Nov 2018 02:35:05.722,-4385.489730,-5169.944625,-888.549046
22 Nov 2018 02:36:15.203,-3968.938518,-5485.673995,-960.259547
22 Nov 2018 02:37:24.761,-3527.986868,-5768.665482,-1026.240459
22 Nov 2018 02:38:34.382,-3065.323275,-6017.063969,-1086.063310
22 Nov 2018 02:39:44.035,-2583.910523,-6229.189902,-1139.326865
22 Nov 2018 02:40:15.978,-2357.729601,-6313.936931,-1161.459680
22 Nov 2018 02:41:15.978,-1746.523546,-6514.617472,-1215.775797
22 Nov 2018 02:42:18.223,-1104.253317,-6692.119868,-1266.380278
22 Nov 2018 02:43:21.214,-449.000651,-6839.731860,-1311.515566
22 Nov 2018 02:44:25.719,224.161642,-6957.924691,-1351.397078
22 Nov 2018 02:45:32.552,920.510652,-7046.274734,-1386.075721
22 Nov 2018 02:46:42.455,1644.218219,-7103.346423,-1415.378533
22 Nov 2018 02:47:55.573,2392.850450,-7126.942872,-1438.818698
22 Nov 2018 02:49:10.939,3152.625369,-7115.834072,-1455.811115
22 Nov 2018 02:50:27.695,3911.670857,-7071.151772,-1466.276823
22 Nov 2018 02:51:46.082,4669.763934,-6994.567771,-1470.535125
22 Nov 2018 02:53:06.851,5431.696318,-6886.851841,-1468.856813
22 Nov 2018 02:54:30.832,6202.657657,-6747.848645,-1461.343373
22 Nov 2018 02:55:58.857,6987.355844,-6576.685311,-1447.945079
22 Nov 2018 02:57:31.775,7790.077200,-6371.900471,-1428.487536
22 Nov 2018 02:59:10.472,8614.795965,-6131.524600,-1402.690031
22 Nov 2018 03:00:55.884,9465.219801,-5853.145423,-1370.179369
22 Nov 2018 03:02:48.999,10344.749838,-5533.987588,-1330.504311
22 Nov 2018 03:04:50.828,11256.228585,-5171.083315,-1283.162293
22 Nov 2018 03:07:02.354,12201.601313,-4761.531270,-1227.641039
22 Nov 2018 03:09:24.452,13181.485148,-4302.868072,-1163.479658
22 Nov 2018 03:11:57.840,14195.083229,-3793.346684,-1090.320375
22 Nov 2018 03:14:43.113,15240.687239,-3231.901063,-1007.914309
22 Nov 2018 03:17:40.862,16316.604431,-2617.751409,-916.068350
22 Nov 2018 03:20:51.812,17421.978928,-1949.882966,-814.564895
22 Nov 2018 03:24:16.887,18556.999388,-1226.763627,-703.112411
22 Nov 2018 03:27:57.224,19722.761756,-446.263603,-581.326437
22 Nov 2018 03:31:54.152,20920.964460,394.271208,-448.736134
22 Nov 2018 03:36:09.174,22153.672216,1297.934130,-304.794833
22 Nov 2018 03:40:43.961,23423.178844,2268.202767,-148.887219
22 Nov 2018 03:45:40.348,24731.903564,3308.884658,19.662742
22 Nov 2018 03:51:00.344,26082.364557,4424.108608,201.590796
22 Nov 2018 03:56:46.137,27477.134466,5618.295672,397.687895
22 Nov 2018 04:03:00.113,28918.855696,6896.176288,608.803133
22 Nov 2018 04:09:44.868,30410.222766,8262.779859,835.842170
22 Nov 2018 04:17:03.237,31954.023694,9723.478219,1079.774609
22 Nov 2018 04:24:58.300,33553.090894,11283.947121,1341.627779
22 Nov 2018 04:33:33.419,35210.357532,12950.226833,1622.497053
22 Nov 2018 04:42:52.258,36928.844005,14728.719606,1923.545700
22 Nov 2018 04:52:58.806,38711.651073,16626.192166,2246.005555
22 Nov 2018 05:03:57.411,40561.979716,18649.806816,2591.182546
22 Nov 2018 05:15:52.814,42483.140414,20807.144269,2960.460898
22 Nov 2018 05:28:50.189,44478.568991,23106.236010,3355.309018
22 Nov 2018 05:42:55.169,46551.798127,25555.546719,3777.276838
22 Nov 2018 05:58:13.904,48706.502547,28164.042301,4228.007876
22 Nov 2018 06:14:53.091,50946.464133,30941.165792,4709.235501
22 Nov 2018 06:33:00.039,53275.611294,33896.902903,5222.794685
22 Nov 2018 06:52:42.705,55697.982122,37041.754965,5770.617767
22 Nov 2018 07:14:09.771,58217.766607,40386.812110,6354.747667
22 Nov 2018 07:37:30.702,60839.294307,43943.759792,6977.339584
22 Nov 2018 08:02:55.808,63567.022025,47724.883966,7640.662486
22 Nov 2018 08:30:36.330,66405.554416,51743.122156,8347.108713
22 Nov 2018 09:00:44.509,69359.621302,56012.056035,9099.193420
22 Nov 2018 09:33:33.689,72434.101028,60545.969831,9899.565711
22 Nov 2018 10:09:18.412,75634.014033,65359.869032,10751.012978
22 Nov 2018 10:48:14.507,78964.496448,70469.468650,11656.460047
22 Nov 2018 11:30:39.213,82430.812107,75891.239249,12618.978816
22 Nov 2018 12:16:51.294,86038.337213,81642.413208,13641.791253
22 Nov 2018 13:07:11.203,89792.593525,87741.070158,14728.287053
22 Nov 2018 14:02:01.160,93699.157231,94206.023669,15882.006709
22 Nov 2018 15:01:45.402,97763.765612,101057.030954,17106.683269
22 Nov 2018 16:06:50.231,101992.165517,108314.579176,18406.210242
22 Nov 2018 17:17:44.297,106390.220732,116000.105324,19784.689404
22 Nov 2018 18:34:58.774,110963.871039,124135.977192,21246.439778
22 Nov 2018 19:59:07.481,115719.031527,132745.368350,22795.993238
22 Nov 2018 21:30:47.220,120661.689323,141852.497789,24438.164693
22 Nov 2018 23:10:37.783,125797.675589,151482.302934,26178.034596
23 Nov 2018 00:59:22.001,131132.503241,161660.245620,28020.977773
23 Nov 2018 02:57:45.234,136670.785013,172411.356730,29972.590207
23 Nov 2018 05:06:33.695,142414.900468,183757.836413,32038.407741
23 Nov 2018 07:26:30.181,148362.126464,195713.564999,34223.136621
23 Nov 2018 09:58:06.974,154500.509982,208275.900646,36529.466307
23 Nov 2018 12:41:45.137,160809.615829,221427.475275,38958.755752
23 Nov 2018 15:38:41.828,167301.266149,235224.535181,41527.809986
23 Nov 2018 18:59:43.548,174299.704466,250422.095105,44387.901139
23 Nov 2018 21:56:47.934,180159.426483,263428.314982,46865.030032
24 Nov 2018 01:12:49.034,186338.205907,277444.819824,49567.326837
24 Nov 2018 04:43:24.791,192643.267929,292087.940562,52426.340356
24 Nov 2018 08:15:24.215,198671.098360,306420.666739,55257.546817
24 Nov 2018 12:05:09.148,204876.626613,321521.569494,58271.369365
24 Nov 2018 16:47:18.986,212081.288258,339494.059806,61893.557289
24 Nov 2018 22:16:53.372,219983.674481,359747.911054,66014.152995
25 Nov 2018 04:03:17.503,227768.897643,380251.639314,70220.862195
25 Nov 2018 11:01:34.862,236551.739939,404037.586113,75139.413118
25 Nov 2018 18:45:25.916,245605.950944,429289.344016,80401.337617
26 Nov 2018 02:35:32.978,254145.061381,453792.767032,85543.831894
26 Nov 2018 10:54:39.521,262598.898888,478721.051265,90810.591822
26 Nov 2018 19:51:21.436,271073.563709,504393.219190,96270.699779
27 Nov 2018 05:31:04.280,279598.571575,530923.182990,101951.850811
27 Nov 2018 15:58:30.884,288179.930491,558360.441222,107869.480331
28 Nov 2018 03:18:01.179,296810.013068,586712.768174,114031.493070
28 Nov 2018 15:33:42.116,305472.994041,615958.425870,120440.960039
29 Nov 2018 04:49:54.702,314151.923326,646067.060612,127100.929294
29 Nov 2018 19:11:21.969,322830.090044,677004.581902,134015.981827
30 Nov 2018 10:42:47.061,331487.069409,708720.532177,141190.004225
1 Dec 2018 03:27:38.460,340088.727137,741112.332538,148618.518929
1 Dec 2018 21:33:28.751,348630.860800,774197.041243,156328.983387
2 Dec 2018 17:09:34.865,357108.001304,808015.022631,164361.297478
3 Dec 2018 14:16:03.750,365437.457847,842334.141832,172697.608347
4 Dec 2018 13:02:16.511,373587.535707,877182.486120,181389.914430
5 Dec 2018 13:02:16.511,381317.518443,911742.178244,190280.699625
6 Dec 2018 13:02:16.511,388218.461164,944318.235719,198954.416968
7 Dec 2018 13:02:16.511,394321.874631,975118.269306,207463.332843
8 Dec 2018 13:02:16.511,399642.456180,1004314.362807,215850.558720
9 Dec 2018 13:02:16.511,404183.603364,1032048.065879,224150.860006
10 Dec 2018 13:02:16.511,407941.733465,1058434.756779,232391.488105
11 Dec 2018 13:02:16.511,410909.538081,1083567.458446,240593.009693
12 Dec 2018 13:02:16.511,413078.348505,1107520.096174,248770.082454
13 Dec 2018 13:02:16.511,414439.838804,1130350.175357,256932.127497
14 Dec 2018 13:02:16.511,414987.320254,1152100.899918,265083.868569
15 Dec 2018 13:02:16.511,414716.875103,1172802.820671,273225.739439
16 Dec 2018 13:02:16.511,413628.541064,1192475.186287,281354.198401
17 Dec 2018 13:02:16.511,411727.692439,1211127.267405,289462.030032
18 Dec 2018 13:02:16.511,409026.666281,1228760.033355,297538.758254
19 Dec 2018 13:02:16.511,405546.552115,1245368.643722,305571.330665
20 Dec 2018 13:02:16.511,401318.906032,1260946.159571,313545.229535
21 Dec 2018 13:02:16.511,396386.944162,1275488.501064,321446.072394
22 Dec 2018 13:02:16.511,390805.471170,1288999.959418,329261.577083
23 Dec 2018 13:02:16.511,384638.577120,1301497.959856,336983.566712
24 Dec 2018 13:02:16.511,377954.566088,1313015.824106,344609.583051
25 Dec 2018 13:02:16.511,370818.847342,1323602.869204,352143.688169
26 Dec 2018 13:02:16.511,363286.674194,1333321.846488,359596.198987
27 Dec 2018 13:02:16.511,355397.661521,1342244.373489,366982.419386
28 Dec 2018 13:02:16.511,347173.079101,1350445.501109,374320.750199
29 Dec 2018 13:02:16.511,338615.805061,1357998.586765,381630.669592
30 Dec 2018 13:02:16.511,329712.144556,1364971.222252,388930.960263
31 Dec 2018 13:02:16.511,320434.600498,1371422.423663,396238.350119
1 Jan 2019 13:02:16.511,310744.916258,1377400.920084,403566.561512
2 Jan 2019 13:02:16.511,300597.028104,1382944.248310,410925.685944
3 Jan 2019 13:02:16.511,289939.803819,1388078.397616,418321.795514
4 Jan 2019 13:02:16.511,278719.560126,1392817.846259,425756.730129
5 Jan 2019 13:02:16.511,266882.371894,1397165.915975,433228.029368
6 Jan 2019 13:02:16.511,254376.159568,1401115.410336,440728.994555
7 Jan 2019 13:02:16.511,241152.511895,1404649.497537,448248.868878
8 Jan 2019 13:02:16.511,227168.196527,1407742.768659,455773.113407
9 Jan 2019 13:02:16.511,212386.338869,1410362.374030,463283.744093
10 Jan 2019 13:02:16.511,196777.300370,1412469.134027,470759.685639
11 Jan 2019 13:02:16.511,180319.342202,1414018.544298,478177.101951
12 Jan 2019 13:02:16.511,162999.200446,1414961.647275,485509.680669
13 Jan 2019 13:02:16.511,144812.711591,1415245.815850,492728.877873
14 Jan 2019 13:02:16.511,125765.603806,1414815.585024,499804.165349
15 Jan 2019 13:02:16.511,105874.501484,1413613.766793,506703.364028
16 Jan 2019 13:02:16.511,85168.065993,1411583.173149,513393.194235
17 Jan 2019 13:02:16.511,63688.012749,1408669.302253,519840.202916
18 Jan 2019 13:02:16.511,41489.523732,1404824.205186,526012.201683
19 Jan 2019 13:02:16.511,18640.376717,1400011.317942,531880.201116
20 Jan 2019 13:02:16.511,-4781.946936,1394210.333767,537420.553645
21 Jan 2019 13:02:16.511,-28695.608826,1387420.579281,542616.745613
22 Jan 2019 13:02:16.511,-53021.758811,1379661.404914,547460.213371
23 Jan 2019 13:02:16.511,-77692.237158,1370968.991823,551949.801663
24 Jan 2019 13:02:16.511,-102655.432943,1361390.290940,556089.944328
25 Jan 2019 13:02:16.511,-127878.790078,1350975.812547,559888.097783
26 Jan 2019 13:02:16.511,-153347.896921,1339773.121546,563352.141836
27 Jan 2019 13:02:16.511,-179063.254351,1327822.208803,566488.301645
28 Jan 2019 13:02:16.511,-205036.131449,1315152.968794,569299.806756
29 Jan 2019 13:02:16.511,-231284.566931,1301784.359498,571786.214653
30 Jan 2019 13:02:16.511,-257830.022344,1287724.608124,573943.195680
31 Jan 2019 13:02:16.511,-284694.761287,1272971.919282,575762.577801
1 Feb 2019 13:02:16.511,-311899.809228,1257515.347007,577232.508926
2 Feb 2019 13:02:16.511,-339463.294232,1241335.681961,578337.661563
3 Feb 2019 13:02:16.511,-367399.006849,1224406.332191,579059.454634
4 Feb 2019 13:02:16.511,-395715.087680,1206694.235318,579376.298243
5 Feb 2019 13:02:16.511,-424412.817790,1188160.847838,579263.877935
6 Feb 2019 13:02:16.511,-453485.529792,1168763.234032,578695.489939
7 Feb 2019 13:02:16.511,-482917.667806,1148455.244427,577642.425150
8 Feb 2019 13:02:16.511,-512684.005690,1127188.750097,576074.387503
9 Feb 2019 13:02:16.511,-542748.998133,1104914.897208,573959.930166
10 Feb 2019 13:02:16.511,-573066.207144,1081585.372655,571266.901394
11 Feb 2019 13:02:16.511,-603577.736992,1057153.723784,567962.910929
12 Feb 2019 13:02:16.511,-634213.642888,1031576.842139,564015.855103
13 Feb 2019 13:02:16.511,-664891.371291,1004816.783440,559394.571763
14 Feb 2019 13:02:16.511,-695515.456333,976843.123758,554069.725847
15 Feb 2019 13:02:16.511,-725977.927446,947636.001341,548015.035970
16 Feb 2019 13:02:16.511,-756160.100159,917189.809896,541208.913370
17 Feb 2019 13:02:16.511,-785936.431958,885517.149641,533636.450163
18 Feb 2019 13:02:16.511,-815180.660364,852652.123687,525291.431501
19 Feb 2019 13:02:16.511,-843773.462961,818651.586819,516177.707265
20 Feb 2019 13:02:16.511,-871609.917506,783593.007123,506309.143411
21 Feb 2019 13:02:16.511,-898604.839259,747568.694662,495707.831524
22 Feb 2019 13:02:16.511,-924694.776725,710677.861677,484401.079614
23 Feb 2019 13:02:16.511,-949836.614284,673018.930836,472418.222018
24 Feb 2019 13:02:16.511,-974003.806065,634683.987476,459788.121861
25 Feb 2019 13:02:16.511,-997181.746881,595755.962224,446537.715709
26 Feb 2019 13:02:16.511,-1019363.543258,556308.055879,432691.490410
27 Feb 2019 13:02:16.511,-1040546.825586,516404.496731,418271.572045
28 Feb 2019 13:02:16.511,-1060731.673480,476101.808762,403298.104454
1 Mar 2019 13:02:16.511,-1079919.407496,435450.063344,387789.688227
2 Mar 2019 02:40:15.978,-1090375.616629,412219.617655,378748.580100
2 Mar 2019 02:41:15.978,-1090386.534261,412187.813007,378736.751190
2 Mar 2019 02:52:56.958,-1090514.049441,411816.229278,378598.535887
2 Mar 2019 04:44:03.786,-1091723.539209,408281.278805,377282.338168
2 Mar 2019 16:49:49.668,-1099477.531594,385152.181486,368611.297605
3 Mar 2019 16:49:49.668,-1114106.752173,339072.927100,351031.687038
4 Mar 2019 16:49:49.668,-1127719.394005,292775.050019,332963.057438
5 Mar 2019 16:49:49.668,-1140301.106500,246295.226416,314417.716867
6 Mar 2019 16:49:49.668,-1151836.974093,199668.481495,295408.432644
7 Mar 2019 16:49:49.668,-1162311.059337,152928.589564,275948.564881
8 Mar 2019 16:49:49.668,-1171705.917520,106108.619772,256052.233722
9 Mar 2019 16:49:49.668,-1180002.144649,59241.640351,235734.530448
10 Mar 2019 16:49:49.668,-1187178.000530,12361.573022,215011.774104
11 Mar 2019 16:49:49.668,-1193209.125142,-34495.805667,193901.815186
12 Mar 2019 16:49:49.668,-1198068.361519,-81291.690721,172424.399342
13 Mar 2019 16:49:49.668,-1201725.732886,-127982.842989,150601.621108
14 Mar 2019 16:49:49.668,-1204148.705703,-174519.881850,128458.510057
15 Mar 2019 16:49:49.668,-1205302.992678,-220845.264038,106023.779174
16 Mar 2019 16:49:49.668,-1205154.263201,-266891.101672,83330.711842
17 Mar 2019 16:49:49.668,-1203671.138792,-312577.259091,60418.054828
18 Mar 2019 16:49:49.668,-1200829.633282,-357810.505465,37330.636299
19 Mar 2019 16:49:49.668,-1196618.683455,-402485.683040,14119.312639
20 Mar 2019 16:49:49.668,-1191045.742626,-446489.584273,-9160.107616
21 Mar 2019 16:49:49.668,-1184140.965154,-489707.359222,-32449.016748
22 Mar 2019 16:49:49.668,-1175958.672731,-532030.097087,-55688.840773
23 Mar 2019 16:49:49.668,-1166575.549788,-573361.527830,-78823.840413
24 Mar 2019 16:49:49.668,-1156086.006129,-613622.236599,-101803.250156
25 Mar 2019 16:49:49.668,-1144595.991072,-652751.074656,-124582.503377
26 Mar 2019 16:49:49.668,-1132216.859377,-690704.512565,-147123.641223
27 Mar 2019 16:49:49.668,-1119060.465442,-727454.936142,-169395.156382
28 Mar 2019 16:49:49.668,-1105235.856712,-762988.639485,-191371.534070
29 Mar 2019 16:49:49.668,-1090847.317350,-797303.951085,-213032.700933
30 Mar 2019 16:49:49.668,-1075993.281119,-830409.683998,-234363.515027
31 Mar 2019 16:49:49.668,-1060765.662418,-862323.932203,-255353.353665
1 Apr 2019 16:49:49.668,-1045249.281524,-893073.128291,-275995.796176
2 Apr 2019 16:49:49.668,-1029521.196098,-922691.219627,-296288.361138
3 Apr 2019 16:49:49.668,-1013649.869595,-951218.799315,-316232.239307
4 Apr 2019 16:49:49.668,-997694.206025,-978702.038130,-335831.959635
5 Apr 2019 16:49:49.668,-981702.559458,-1005191.301254,-355094.932883
6 Apr 2019 16:49:49.668,-965711.879499,-1030739.394824,-374030.835996
7 Apr 2019 16:49:49.668,-949747.171446,-1055399.461300,-392650.827668
8 Apr 2019 16:49:49.668,-933821.428343,-1079222.611232,-410966.615529
9 Apr 2019 16:49:49.668,-917936.142332,-1102255.423360,-428989.417432
10 Apr 2019 16:49:49.668,-902082.449200,-1124537.456619,-446728.868254
11 Apr 2019 16:49:49.668,-886242.929096,-1146098.908189,-464191.921951
12 Apr 2019 16:49:49.668,-870394.088210,-1166958.551218,-481381.798659
13 Apr 2019 16:49:49.668,-854509.560274,-1187122.127838,-498297.042947
14 Apr 2019 16:49:49.668,-838564.039407,-1206581.470255,-514930.799565
15 Apr 2019 15:43:08.094,-823282.032073,-1224463.597820,-530520.443399
15 Apr 2019 15:44:08.094,-823270.874721,-1224476.371903,-530531.694323
15 Apr 2019 15:57:38.405,-823120.188339,-1224648.852456,-530683.625422
15 Apr 2019 18:18:25.720,-821548.837714,-1226442.949761,-532265.841469
16 Apr 2019 11:22:52.421,-810088.661381,-1239276.056088,-543687.404810
17 Apr 2019 11:22:52.421,-793905.452662,-1256633.645325,-559458.294905
18 Apr 2019 11:22:52.421,-777653.108116,-1273154.370869,-574874.980107
19 Apr 2019 11:22:52.421,-761367.700879,-1288794.710738,-589911.649820
20 Apr 2019 11:22:52.421,-745101.363386,-1303518.529401,-604544.041132
21 Apr 2019 11:22:52.421,-728918.506207,-1317301.721231,-618751.644458
22 Apr 2019 11:22:52.421,-712890.960271,-1330134.790825,-632519.210276
23 Apr 2019 11:22:52.421,-697093.194866,-1342023.229926,-645837.370049
24 Apr 2019 11:22:52.421,-681598.380978,-1352986.182070,-658702.465937
25 Apr 2019 11:22:52.421,-666475.568820,-1363054.214880,-671115.883950
26 Apr 2019 11:22:52.421,-651787.900425,-1372266.971995,-683083.225820
27 Apr 2019 11:22:52.421,-637591.608108,-1380671.186072,-694613.560638
28 Apr 2019 11:22:52.421,-623935.489739,-1388319.216878,-705718.862629
29 Apr 2019 11:22:52.421,-610860.563378,-1395268.059994,-716413.639277
30 Apr 2019 11:22:52.421,-598399.666327,-1401578.659281,-726714.697585
1 May 2019 11:22:52.421,-586576.854688,-1407315.309434,-736640.970724
2 May 2019 11:22:52.421,-575406.564092,-1412544.923296,-746213.316093
3 May 2019 11:22:52.421,-564892.604333,-1417335.954461,-755454.193300
4 May 2019 11:22:52.421,-555027.173475,-1421756.816915,-764387.140611
5 May 2019 11:22:52.421,-545790.171053,-1425873.740484,-773035.998093
6 May 2019 11:22:52.421,-537149.132640,-1429748.140804,-781423.877921
7 May 2019 11:22:52.421,-529060.066819,-1433433.737506,-789571.948897
8 May 2019 11:22:52.421,-521469.343615,-1436973.774786,-797498.162296
9 May 2019 11:22:52.421,-514316.594237,-1440398.735775,-805216.078131
10 May 2019 11:22:52.421,-507538.401792,-1443724.882440,-812733.942670
11 May 2019 11:22:52.421,-501072.450524,-1446953.829621,-820054.129325
12 May 2019 11:22:52.421,-494861.771493,-1450073.235914,-827173.008358
13 May 2019 11:22:52.421,-488858.737378,-1453058.607682,-834081.276535
14 May 2019 11:22:52.421,-483028.463284,-1455876.158589,-840764.758011
15 May 2019 11:22:52.421,-477351.243220,-1458486.597392,-847205.663661
16 May 2019 11:22:52.421,-471823.638044,-1460849.583900,-853384.246490
17 May 2019 11:22:52.421,-466457.919031,-1462928.405707,-859280.710525
18 May 2019 11:22:52.421,-461279.827001,-1464694.268012,-864877.146456
19 May 2019 11:22:52.421,-456324.985752,-1466129.568506,-870159.221200
20 May 2019 11:22:52.421,-451634.642666,-1467229.705736,-875117.371837
21 May 2019 11:22:52.421,-447251.507268,-1468003.298417,-879747.352134
22 May 2019 11:22:52.421,-443216.269884,-1468471.058938,-884050.135080
23 May 2019 11:22:52.421,-439565.054005,-1468663.833069,-888031.337665
24 May 2019 11:22:52.421,-436327.777227,-1468620.389073,-891700.425898
25 May 2019 11:22:52.421,-433527.237707,-1468385.410748,-895069.935946
26 May 2019 11:22:52.421,-431178.673749,-1468007.924397,-898154.849948
27 May 2019 11:22:52.421,-429289.530950,-1467540.184210,-900972.163717
28 May 2019 11:22:52.421,-427859.202034,-1467036.902600,-903540.614895
29 May 2019 11:22:52.421,-426878.569881,-1466554.632986,-905880.501501
30 May 2019 11:22:52.421,-426329.275639,-1466151.069509,-908013.498229
31 May 2019 11:22:52.421,-426182.749921,-1465884.012331,-909962.362558
1 Jun 2019 11:22:52.421,-426399.186199,-1465809.768785,-911750.419896
2 Jun 2019 11:22:52.421,-426926.789117,-1465980.847397,-913400.737020
3 Jun 2019 11:22:52.421,-427701.751905,-1466442.977337,-914934.952678
4 Jun 2019 11:22:52.421,-428649.431197,-1467231.741963,-916371.835517
5 Jun 2019 11:22:52.421,-429687.019509,-1468369.378678,-917725.761132
6 Jun 2019 11:22:52.421,-430727.661454,-1469862.439895,-919005.391132
7 Jun 2019 06:38:42.671,-431506.981356,-1471311.781336,-919980.410305
7 Jun 2019 06:39:42.671,-431507.077680,-1471311.662754,-919979.865048
7 Jun 2019 06:54:25.951,-431508.487405,-1471309.935325,-919971.833964
7 Jun 2019 09:04:38.540,-431520.268679,-1471296.138713,-919900.457331
7 Jun 2019 23:26:52.067,-431563.440809,-1471270.204097,-919411.848179
8 Jun 2019 23:26:52.067,-431468.695398,-1471461.190073,-918528.494106
9 Jun 2019 23:26:52.067,-431112.095874,-1471902.396575,-917547.292906
10 Jun 2019 23:26:52.067,-430446.421808,-1472537.834444,-916448.696660
11 Jun 2019 23:26:52.067,-429441.086261,-1473308.253819,-915210.374278
12 Jun 2019 23:26:52.067,-428081.852561,-1474155.310179,-913808.885976
13 Jun 2019 23:26:52.067,-426369.346563,-1475025.321468,-912221.325615
14 Jun 2019 23:26:52.067,-424316.608726,-1475872.408102,-910426.834914
15 Jun 2019 23:26:52.067,-421945.978315,-1476660.835632,-908407.895281
16 Jun 2019 23:26:52.067,-419285.660935,-1477366.396398,-906151.286394
17 Jun 2019 23:26:52.067,-416366.347069,-1477976.727731,-903648.601735
18 Jun 2019 23:26:52.067,-413218.185082,-1478490.607643,-900896.271242
19 Jun 2019 23:26:52.067,-409868.301059,-1478916.462915,-897895.157490
20 Jun 2019 23:26:52.067,-406338.954611,-1479270.465102,-894649.894515
21 Jun 2019 23:26:52.067,-402646.328554,-1479574.595443,-891168.160161
22 Jun 2019 23:26:52.067,-398799.855566,-1479854.949048,-887460.021324
23 Jun 2019 23:26:52.067,-394801.903487,-1480140.400066,-883537.418381
24 Jun 2019 23:26:52.067,-390647.602542,-1480461.618730,-879413.796421
25 Jun 2019 23:26:52.067,-386324.610982,-1480850.333452,-875103.850443
26 Jun 2019 23:26:52.067,-381812.670605,-1481338.660057,-870623.321598
27 Jun 2019 23:26:52.067,-377082.893157,-1481958.268637,-865988.754281
28 Jun 2019 23:26:52.067,-372096.843353,-1482739.129296,-861217.101468
29 Jun 2019 23:26:52.067,-366805.649802,-1483707.593590,-856325.057324
30 Jun 2019 23:26:52.067,-361149.568075,-1484883.671567,-851328.020534
1 Jul 2019 23:26:52.067,-355058.580352,-1486277.600079,-846238.670799
2 Jul 2019 23:26:52.067,-348454.620638,-1487886.162837,-841065.285976
3 Jul 2019 23:26:52.067,-341255.727154,-1489689.602689,-835810.105636
4 Jul 2019 23:26:52.067,-333381.826628,-1491650.127867,-830468.172076
5 Jul 2019 23:26:52.067,-324761.167729,-1493712.745285,-825027.038420
6 Jul 2019 23:26:52.067,-315336.038495,-1495808.475963,-819467.497879
7 Jul 2019 23:26:52.067,-305066.595091,-1497859.255848,-813765.165632
8 Jul 2019 23:26:52.067,-293932.290450,-1499783.411668,-807892.518847
9 Jul 2019 23:26:52.067,-281931.117280,-1501500.693200,-801820.970794
10 Jul 2019 23:26:52.067,-269077.316555,-1502936.267476,-795522.686469
11 Jul 2019 23:26:52.067,-255398.269122,-1504023.536648,-788972.021903
12 Jul 2019 23:26:52.067,-240931.130453,-1504705.923918,-782146.595589
13 Jul 2019 23:26:52.067,-225719.566445,-1504937.843273,-775028.042575
14 Jul 2019 23:26:52.067,-209810.791222,-1504684.999189,-767602.476370
15 Jul 2019 23:26:52.067,-193252.994344,-1503924.065290,-759860.645174
16 Jul 2019 23:26:52.067,-176093.161718,-1502641.770402,-751797.773934
17 Jul 2019 23:26:52.067,-158375.263420,-1500833.499275,-743413.141877
18 Jul 2019 23:26:52.067,-140138.805762,-1498501.614063,-734709.502767
19 Jul 2019 23:26:52.067,-121417.768640,-1495653.731861,-725692.464260
20 Jul 2019 23:26:52.067,-102239.921264,-1492301.143997,-716369.910636
21 Jul 2019 23:26:52.067,-82626.443425,-1488457.479028,-706751.511894
22 Jul 2019 23:26:52.067,-62591.719948,-1484137.626676,-696848.330507
23 Jul 2019 23:26:52.067,-42143.153356,-1479356.864174,-686672.511522
24 Jul 2019 23:26:52.067,-21280.859854,-1474130.059032,-676237.015964
25 Jul 2019 23:26:52.067,2.824908,-1468470.763485,-665555.328470
26 Jul 2019 23:26:52.067,21724.000145,-1462389.971708,-654641.041774
27 Jul 2019 23:26:52.067,43907.832312,-1455894.300463,-643507.204056
28 Jul 2019 23:26:52.067,66588.784963,-1448983.420712,-632165.323969
29 Jul 2019 23:26:52.067,89809.863840,-1441646.768846,-620623.992146
30 Jul 2019 23:26:52.067,113620.207988,-1433859.939241,-608887.216175
31 Jul 2019 23:26:52.067,138070.572233,-1425581.630198,-596952.775036
1 Aug 2019 23:26:52.067,163206.885758,-1416752.333868,-584811.089142
2 Aug 2019 23:26:52.067,189062.982215,-1407295.776888,-572445.119697
3 Aug 2019 23:26:52.067,215654.263692,-1397123.295054,-559831.540700
4 Aug 2019 23:26:52.067,242973.938083,-1386140.217285,-546942.967685
5 Aug 2019 23:26:52.067,270992.526239,-1374252.629265,-533750.653335
6 Aug 2019 23:26:52.067,299660.168236,-1361373.003185,-520227.000487
7 Aug 2019 23:26:52.067,328910.560357,-1347423.913935,-506347.470926
8 Aug 2019 23:26:52.067,358665.342393,-1332339.866215,-492091.785136
9 Aug 2019 23:26:52.067,388838.168619,-1316067.742083,-477444.535049
10 Aug 2019 23:26:52.067,419338.153682,-1298566.492183,-462395.417499
11 Aug 2019 23:26:52.067,450072.664150,-1279806.570852,-446939.268868
12 Aug 2019 23:26:52.067,480949.499950,-1259769.382840,-431075.999737
13 Aug 2019 23:26:52.067,511878.490246,-1238446.747520,-414810.443637
14 Aug 2019 23:26:52.067,542772.554166,-1215840.199725,-398152.092798
15 Aug 2019 23:26:52.067,573548.372767,-1191959.956715,-381114.713944
16 Aug 2019 23:26:52.067,604126.869124,-1166823.571071,-363715.884418
17 Aug 2019 23:26:52.067,634433.628338,-1140454.467009,-345976.512024
18 Aug 2019 23:26:52.067,664399.290319,-1112880.578480,-327920.387124
19 Aug 2019 23:26:52.067,693959.912698,-1084133.207934,-309573.787481
20 Aug 2019 23:26:52.067,723057.327427,-1054246.106669,-290965.131612
21 Aug 2019 23:26:52.067,751639.546299,-1023254.689181,-272124.654466
22 Aug 2019 23:26:52.067,779661.265157,-991195.232982,-253084.055363
23 Aug 2019 23:26:52.067,807084.458105,-958103.873548,-233876.043579
24 Aug 2019 23:26:52.067,833878.937725,-924015.189906,-214533.688926
25 Aug 2019 23:26:52.067,860022.590001,-888960.221213,-195089.486686
26 Aug 2019 23:26:52.067,885500.804465,-852963.909407,-175574.091532
27 Aug 2019 23:26:52.067,910304.501796,-816042.272990,-156014.790940
28 Aug 2019 23:26:52.067,934426.279736,-778200.056688,-136433.977035
29 Aug 2019 23:26:52.067,957854.723364,-739429.982505,-116848.083685
30 Aug 2019 23:26:52.067,980567.827909,-699714.695063,-97267.528281
31 Aug 2019 23:26:52.067,1002527.326867,-659031.763026,-77697.984127
1 Sep 2019 23:26:52.067,1023675.823974,-617360.862240,-58142.815268
2 Sep 2019 23:26:52.067,1043937.686934,-574691.272885,-38606.014574
3 Sep 2019 23:26:52.067,1063223.202217,-531027.778770,-19094.829053
4 Sep 2019 23:26:52.067,1081434.462268,-486393.927662,378.487120
5 Sep 2019 23:26:52.067,1098471.353516,-440832.708545,19795.921778
6 Sep 2019 23:26:52.067,1114236.585377,-394405.386528,39133.757244
7 Sep 2019 11:59:13.450,1121936.986282,-369829.356856,49196.058643
8 Sep 2019 11:59:13.450,1136982.361013,-321847.537721,69718.360570
9 Sep 2019 11:59:13.450,1150550.079659,-273223.205796,90077.486906
10 Sep 2019 11:59:13.450,1162580.870980,-224066.071367,110232.727701
11 Sep 2019 11:59:13.450,1173028.461723,-174493.050691,130141.299816
12 Sep 2019 11:59:13.450,1181860.317130,-124626.073247,149759.186200
13 Sep 2019 11:59:13.450,1189058.373108,-74589.995005,169042.032008
14 Sep 2019 11:59:13.450,1194619.795024,-24510.659763,187946.085230
15 Sep 2019 11:59:13.450,1198557.648969,25486.811045,206429.080533
16 Sep 2019 11:59:13.450,1200901.232071,75279.482876,224450.910562
17 Sep 2019 11:59:13.450,1201695.811292,124747.957681,241974.001210
18 Sep 2019 11:59:13.450,1201001.731287,173777.823945,258963.481563
19 Sep 2019 11:59:13.450,1198893.111782,222261.342886,275387.355978
20 Sep 2019 11:59:13.450,1195456.428576,270099.365853,291216.849645
21 Sep 2019 11:59:13.450,1190789.121952,317203.427263,306426.991558
22 Sep 2019 11:59:13.450,1184998.138881,363497.995281,320997.429008
23 Sep 2019 11:59:13.450,1178198.106247,408922.873144,334913.447619
24 Sep 2019 11:59:13.450,1170508.698558,453435.631541,348167.139542
25 Sep 2019 11:59:13.450,1162050.759774,497013.691920,360758.572500
26 Sep 2019 11:59:13.450,1152940.972254,539655.342332,372696.666804
27 Sep 2019 11:59:13.450,1143285.427205,581378.753624,383999.357598
28 Sep 2019 11:59:13.450,1133173.236344,622218.274252,394692.639590
29 Sep 2019 11:59:13.450,1122671.904687,662218.088930,404808.365087
30 Sep 2019 11:59:13.450,1111825.993000,701424.449299,414381.144856
1 Oct 2019 11:59:13.450,1100659.500022,739878.407724,423445.100631
2 Oct 2019 11:59:13.450,1089181.000833,777610.745275,432031.255159
3 Oct 2019 11:59:13.450,1077389.782537,814639.755589,440165.999440
4 Oct 2019 11:59:13.450,1065281.378042,850971.461417,447870.615124
5 Oct 2019 11:59:13.450,1052851.646699,886601.282486,455161.531606
6 Oct 2019 11:59:13.450,1040099.307487,921516.197741,462050.935873
7 Oct 2019 11:59:13.450,1027027.271647,955696.774515,468547.448686
8 Oct 2019 11:59:13.450,1013643.243671,989118.794537,474656.713645
9 Oct 2019 11:59:13.450,999959.991920,1021754.461132,480381.855113
10 Oct 2019 11:59:13.450,985995.557499,1053573.308233,485723.828088
11 Oct 2019 11:59:13.450,971773.538744,1084542.982853,490681.717098
12 Oct 2019 11:59:13.450,957323.483809,1114630.072643,495253.053150
13 Oct 2019 11:59:13.450,942681.352270,1143801.119553,499434.213339
13 Oct 2019 23:30:34.683,935595.625060,1157471.314678,501301.744300
14 Oct 2019 23:30:34.683,917097.342973,1183418.557171,504124.480159
15 Oct 2019 23:30:34.683,898522.136544,1208369.797991,506544.328283
16 Oct 2019 23:30:34.683,879927.033960,1232297.327779,508556.149014
17 Oct 2019 23:30:34.683,861376.656940,1255180.692430,510156.832778
18 Oct 2019 23:30:34.683,842942.518762,1277008.327344,511346.025567
19 Oct 2019 23:30:34.683,824701.749104,1297779.009436,512126.817995
20 Oct 2019 23:30:34.683,806735.168536,1317503.191751,512506.450472
21 Oct 2019 23:30:34.683,789124.670958,1336204.238695,512497.060101
22 Oct 2019 23:30:34.683,771949.858144,1353919.407482,512116.412632
23 Oct 2019 23:30:34.683,755283.890011,1370700.198692,511388.459283
24 Oct 2019 23:30:34.683,739188.695632,1386611.520242,510343.466429
25 Oct 2019 23:30:34.683,723710.078074,1401729.104988,509017.431099
26 Oct 2019 23:30:34.683,708873.710048,1416134.938131,507450.585608
27 Oct 2019 23:30:34.683,694683.236809,1429911.113030,505685.046504
28 Oct 2019 23:30:34.683,681121.351871,1443133.282206,503762.006462
29 Oct 2019 23:30:34.683,668153.792076,1455865.226313,501719.105335
30 Oct 2019 23:30:34.683,655735.188617,1468155.710002,499588.569994
31 Oct 2019 23:30:34.683,643815.220392,1480037.917233,497396.394449
1 Nov 2019 23:30:34.683,632343.764230,1491530.906121,495162.450507
2 Nov 2019 23:30:34.683,621274.423202,1502642.121802,492901.188094
3 Nov 2019 23:30:34.683,610566.477726,1513370.087858,490622.558136
4 Nov 2019 23:30:34.683,600185.679996,1523706.729426,488332.895456
5 Nov 2019 23:30:34.683,590104.397590,1533639.125956,486035.631424
6 Nov 2019 23:30:34.683,580301.526207,1543150.732448,483731.811637
7 Nov 2019 23:30:34.683,570762.448838,1552222.235430,481420.458502
8 Nov 2019 23:30:34.683,561479.178670,1560832.258045,479098.853793
9 Nov 2019 23:30:34.683,552450.704686,1568958.132034,476762.829694
10 Nov 2019 23:30:34.683,543683.463161,1576576.929871,474407.154678
11 Nov 2019 23:30:34.683,535191.788002,1583666.897913,472026.081922
12 Nov 2019 23:30:34.683,526998.155397,1590209.340934,469614.092231
13 Nov 2019 23:30:34.683,519133.037935,1596190.874576,467166.811791
14 Nov 2019 23:30:34.683,511634.207689,1601605.808942,464682.030260
15 Nov 2019 23:30:34.683,504545.360457,1606458.325444,462160.710422
16 Nov 2019 23:30:34.683,497913.986178,1610764.137271,459607.885641
17 Nov 2019 23:30:34.683,491788.512871,1614551.464421,457033.372521
18 Nov 2019 23:30:34.683,486214.878428,1617861.284375,454452.250451
19 Nov 2019 23:30:34.683,481232.764363,1620746.844687,451885.060268
20 Nov 2019 23:30:34.683,476871.744331,1623272.365456,449357.657970
21 Nov 2019 23:30:34.683,473147.628045,1625510.799139,446900.641612
22 Nov 2019 23:30:34.683,470059.380802,1627540.531840,444548.271276
23 Nov 2019 23:30:34.683,467587.140704,1629441.065486,442336.852481
24 Nov 2019 23:30:34.683,465691.912045,1631288.024743,440302.672192
25 Nov 2019 23:30:34.683,464317.330347,1633148.189166,438479.741711
26 Nov 2019 23:30:34.683,463393.431096,1635075.455431,436897.732133
27 Nov 2019 23:30:34.683,462841.775463,1637108.499446,435580.489815
28 Nov 2019 23:30:34.683,462580.899176,1639270.436079,434545.358949
29 Nov 2019 23:30:34.683,462531.071096,1641570.196263,433803.292114
30 Nov 2019 23:30:34.683,462617.733772,1644004.947519,433359.526626
1 Dec 2019 23:30:34.683,462773.503660,1646562.813123,433214.527692
2 Dec 2019 23:30:34.683,462938.994911,1649225.330764,433364.940838
3 Dec 2019 23:30:34.683,463062.900456,1651969.372075,433804.396399
4 Dec 2019 23:30:34.683,463101.755054,1654768.490405,434524.109516
5 Dec 2019 23:30:34.683,463019.702295,1657593.824856,435513.294884
6 Dec 2019 23:30:34.683,462788.459604,1660414.772418,436759.462978
7 Dec 2019 14:15:58.765,462563.013195,1662133.406739,437647.291340
7 Dec 2019 14:15:58.765,462563.013391,1662133.406685,437647.291340
8 Dec 2019 14:15:58.765,461207.708190,1660401.120181,437173.325622
9 Dec 2019 14:15:58.765,459664.996497,1658574.348692,436915.947775
10 Dec 2019 14:15:58.765,457934.920208,1656616.656625,436857.668659
11 Dec 2019 14:15:58.765,456026.994065,1654496.373061,436981.781863
12 Dec 2019 14:15:58.765,453959.742562,1652189.347518,437273.516461
13 Dec 2019 14:15:58.765,451759.246880,1649681.663389,437721.292162
14 Dec 2019 14:15:58.765,449456.488347,1646971.769007,438317.891315
15 Dec 2019 14:15:58.765,447083.566890,1644071.565835,439061.341188
16 Dec 2019 14:15:58.765,444669.234862,1641006.199738,439955.330344
17 Dec 2019 14:15:58.765,442234.412361,1637812.537667,441009.061988
18 Dec 2019 14:15:58.765,439788.324718,1634536.517434,442236.551245
19 Dec 2019 14:15:58.765,437325.695404,1631229.687740,443655.460794
20 Dec 2019 14:15:58.765,434825.192712,1627945.287392,445285.610247
21 Dec 2019 14:15:58.765,432249.174306,1624734.179724,447147.294037
22 Dec 2019 14:15:58.765,429544.709822,1621640.927424,449259.532344
23 Dec 2019 14:15:58.765,426645.823523,1618700.305408,451638.385970
24 Dec 2019 14:15:58.765,423476.811087,1615934.583234,454295.488701
25 Dec 2019 14:15:58.765,419956.324741,1613351.894029,457236.961291
26 Dec 2019 14:15:58.765,416001.745854,1610945.883088,460462.836382
27 Dec 2019 14:15:58.765,411533.277041,1608696.601582,463967.035812
28 Dec 2019 14:15:58.765,406477.259328,1606572.361942,467737.829163
29 Dec 2019 14:15:58.765,400768.438691,1604532.108981,471758.613204
30 Dec 2019 14:15:58.765,394351.177011,1602527.845094,476008.819716
31 Dec 2019 14:15:58.765,387179.820158,1600506.761266,480464.785521
1 Jan 2020 14:15:58.765,379218.543629,1598412.900423,485100.479670
2 Jan 2020 14:15:58.765,370440.997633,1596188.348027,489888.051907
3 Jan 2020 14:15:58.765,360830.006869,1593774.071223,494798.225812
4 Jan 2020 14:15:58.765,350377.484395,1591110.608757,499800.603886
5 Jan 2020 14:15:58.765,339084.616980,1588138.860309,504863.980711
6 Jan 2020 14:15:58.765,326962.275565,1584801.238856,509956.775887
7 Jan 2020 14:15:58.765,314031.492416,1581043.413505,515047.695809
8 Jan 2020 14:15:58.765,300323.715853,1576816.742396,520106.698872
9 Jan 2020 14:15:58.765,285880.407739,1572081.252476,525106.260198
10 Jan 2020 14:15:58.765,270751.452497,1566808.717532,530022.816392
11 Jan 2020 14:15:58.765,254991.953789,1560985.146358,534838.147963
12 Jan 2020 14:15:58.765,238657.436630,1554611.934919,539540.373892
13 Jan 2020 14:15:58.765,221798.127901,1547705.119382,544124.238085
14 Jan 2020 14:15:58.765,204453.483106,1540292.596591,548590.506112
15 Jan 2020 14:15:58.765,186648.135689,1532409.738869,552944.532958
16 Jan 2020 14:15:58.765,168389.966669,1524094.255114,557194.293468
17 Jan 2020 14:15:58.765,149670.329223,1515381.221058,561348.265077
18 Jan 2020 14:15:58.765,130465.964807,1506298.941030,565413.491203
19 Jan 2020 14:15:58.765,110741.976340,1496865.924440,569394.009279
20 Jan 2020 14:15:58.765,90455.312371,1487088.969637,573289.693582
21 Jan 2020 14:15:58.765,69558.398844,1476962.220043,577095.491953
22 Jan 2020 14:15:58.765,48002.699285,1466467.051651,580801.019591
23 Jan 2020 14:15:58.765,25742.045490,1455572.683703,584390.480505
24 Jan 2020 14:15:58.765,2735.585057,1444237.412307,587842.889113
25 Jan 2020 14:15:58.765,-21049.807192,1432410.332347,591132.549437
26 Jan 2020 14:15:58.765,-45637.768835,1420033.358567,594229.723820
27 Jan 2020 14:15:58.765,-71041.372079,1407043.321546,597101.400563
28 Jan 2020 14:15:58.765,-97262.655948,1393373.926061,599712.064578
29 Jan 2020 01:02:23.373,-109297.200516,1386998.893975,600789.241759
30 Jan 2020 01:02:23.373,-136723.656041,1371614.647530,603134.666590
31 Jan 2020 01:02:23.373,-164926.201362,1355384.501628,605124.768129
1 Feb 2020 01:02:23.373,-193869.304247,1338241.459263,606719.085736
2 Feb 2020 01:02:23.373,-223506.944458,1320120.582300,607876.816725
3 Feb 2020 01:02:23.373,-253782.479008,1300959.871778,608557.158342
4 Feb 2020 01:02:23.373,-284628.398347,1280701.489155,608719.783081
5 Feb 2020 01:02:23.373,-315966.187340,1259293.576928,608325.583314
6 Feb 2020 01:02:23.373,-347706.630701,1236692.869989,607337.809228
7 Feb 2020 01:02:23.373,-379750.980228,1212868.059206,605723.634605
8 Feb 2020 01:02:23.373,-411993.392221,1187803.416576,603455.977901
9 Feb 2020 01:02:23.373,-444324.915323,1161501.648577,600515.143833
10 Feb 2020 01:02:23.373,-476638.953845,1133984.713069,596889.715256
11 Feb 2020 01:02:23.373,-508837.448518,1105291.756540,592576.265237
12 Feb 2020 01:02:23.373,-540836.298945,1075474.283465,587577.818289
13 Feb 2020 01:02:23.373,-572568.463523,1044589.661165,581901.399598
14 Feb 2020 01:02:23.373,-603983.975075,1012694.582452,575555.290215
15 Feb 2020 01:02:23.373,-635047.268349,979839.909425,568546.625233
16 Feb 2020 01:02:23.373,-665732.974509,946067.599017,560879.737955
17 Feb 2020 01:02:23.373,-696021.400754,911409.640364,552555.334540
18 Feb 2020 01:02:23.373,-725894.511475,875888.480726,543570.353660
19 Feb 2020 01:02:23.373,-755332.741127,839518.335195,533918.287970
20 Feb 2020 01:02:23.373,-784312.636539,802306.917873,523589.772199
21 Feb 2020 01:02:23.373,-812805.188553,764257.328159,512573.311419
22 Feb 2020 01:02:23.373,-840774.711033,725369.974468,500856.083670
23 Feb 2020 01:02:23.373,-868178.178804,685644.490113,488424.787376
24 Feb 2020 01:02:23.373,-894964.987914,645081.606479,475266.514198
25 Feb 2020 01:02:23.373,-921077.121700,603684.928574,461369.620838
26 Feb 2020 01:02:23.373,-946449.690122,561462.538221,446724.561920
27 Feb 2020 01:02:23.373,-971011.770744,518428.351335,431324.641850
28 Feb 2020 01:02:23.373,-994687.439259,474603.183878,415166.652166
29 Feb 2020 01:02:23.373,-1017396.854647,430015.531556,398251.380644
1 Mar 2020 01:02:23.373,-1039057.270803,384702.129455,380584.004533
2 Mar 2020 01:02:23.373,-1059583.886930,338708.416384,362174.408785
3 Mar 2020 01:02:23.373,-1078890.525778,292089.070769,343037.496054
4 Mar 2020 01:02:23.373,-1096890.244658,244908.793702,323193.571247
4 Mar 2020 19:08:18.464,-1109546.815677,209004.298482,307777.151157
5 Mar 2020 19:08:18.464,-1125083.486700,160648.219709,286614.419084
6 Mar 2020 19:08:18.464,-1139078.582283,111972.556481,264833.813954
7 Mar 2020 19:08:18.464,-1151456.425541,63092.314824,242482.248630
8 Mar 2020 19:08:18.464,-1162154.529526,14137.314897,219615.260616
9 Mar 2020 19:08:18.464,-1171130.782198,-34750.353527,196296.690745
10 Mar 2020 19:08:18.464,-1178370.424050,-83421.477760,172597.272381
11 Mar 2020 19:08:18.464,-1183890.348962,-131726.761137,148592.075574
12 Mar 2020 19:08:18.464,-1187738.763778,-179524.335309,124357.111427
13 Mar 2020 19:08:18.464,-1189990.282053,-226686.259234,99965.776515
14 Mar 2020 19:08:18.464,-1190738.479147,-273102.895619,75485.954119
15 Mar 2020 19:08:18.464,-1190088.288205,-318684.758786,50978.271859
16 Mar 2020 19:08:18.464,-1188149.714490,-363362.222808,26495.490560
17 Mar 2020 19:08:18.464,-1185033.293523,-407083.922660,2082.669676
18 Mar 2020 19:08:18.464,-1180847.072503,-449814.641667,-22222.281752
19 Mar 2020 19:08:18.464,-1175694.664732,-491533.185443,-46387.940009
20 Mar 2020 19:08:18.464,-1169673.950158,-532230.445926,-70388.719603
21 Mar 2020 19:08:18.464,-1162876.121691,-571907.667710,-94204.277674
22 Mar 2020 19:08:18.464,-1155384.915171,-610574.845500,-117818.952558
23 Mar 2020 19:08:18.464,-1147275.968768,-648249.172199,-141221.205563
24 Mar 2020 19:08:18.464,-1138616.321619,-684953.486337,-164403.042873
25 Mar 2020 19:08:18.464,-1129464.083396,-720714.707788,-187359.409542
26 Mar 2020 19:08:18.464,-1119868.295900,-755562.281491,-210087.561103
27 Mar 2020 19:08:18.464,-1109868.980274,-789526.657870,-232586.425258
28 Mar 2020 19:08:18.464,-1099497.337351,-822637.822530,-254855.963047
29 Mar 2020 19:08:18.464,-1088776.061182,-854923.853046,-276896.525162
30 Mar 2020 19:08:18.464,-1077719.750181,-886409.440772,-298708.177271
31 Mar 2020 19:08:18.464,-1066335.461908,-917114.288353,-320289.951023
1 Apr 2020 19:08:18.464,-1054623.554388,-947051.302791,-341638.971963
2 Apr 2020 19:08:18.464,-1042579.072488,-976224.576991,-362749.439767
3 Apr 2020 19:08:18.464,-1030194.031756,-1004627.321098,-383611.496761
4 Apr 2020 19:08:18.464,-1017460.939375,-1032240.176661,-404210.135886
5 Apr 2020 19:08:18.464,-1004377.651846,-1059030.660667,-424524.457197
6 Apr 2020 19:08:18.464,-990953.118825,-1084954.655797,-444527.715383
7 Apr 2020 19:08:18.464,-977212.820809,-1109960.605393,-464188.567851
8 Apr 2020 19:08:18.464,-963202.213073,-1133996.220734,-483473.612394
9 Apr 2020 16:09:23.315,-950761.522744,-1154212.571947,-500028.477083
10 Apr 2020 16:09:23.315,-932043.721807,-1174625.641937,-517221.592345
11 Apr 2020 16:09:23.315,-913278.641958,-1193972.716177,-533958.657935
12 Apr 2020 16:09:23.315,-894557.677618,-1212250.486949,-550223.758148
13 Apr 2020 16:09:23.315,-875971.092257,-1229472.952192,-566008.706314
14 Apr 2020 16:09:23.315,-857603.554296,-1245668.302039,-581312.098397
15 Apr 2020 16:09:23.315,-839531.447267,-1260875.558769,-596138.086317
16 Apr 2020 16:09:23.315,-821821.597139,-1275141.663176,-610495.219907
17 Apr 2020 16:09:23.315,-804530.885556,-1288519.220320,-624395.503504
18 Apr 2020 16:09:23.315,-787706.278466,-1301064.834497,-637853.676839
19 Apr 2020 16:09:23.315,-771384.959371,-1312837.848123,-650886.664309
20 Apr 2020 16:09:23.315,-755594.417961,-1323899.284365,-663513.117462
21 Apr 2020 16:09:23.315,-740352.467980,-1334310.827685,-675752.981344
22 Apr 2020 16:09:23.315,-725667.245790,-1344133.732450,-687627.032064
23 Apr 2020 16:09:23.315,-711537.278359,-1353427.610710,-699156.353790
24 Apr 2020 16:09:23.315,-697951.713057,-1362249.103207,-710361.746530
25 Apr 2020 16:09:23.315,-684890.780482,-1370650.473816,-721263.075076
26 Apr 2020 16:09:23.315,-672326.529217,-1378678.180653,-731878.579763
27 Apr 2020 16:09:23.315,-660223.846193,-1386371.468967,-742224.166820
28 Apr 2020 16:09:23.315,-648541.775394,-1393761.011124,-752312.686242
29 Apr 2020 16:09:23.315,-637235.178884,-1400867.608106,-762153.197480
30 Apr 2020 16:09:23.315,-626256.839426,-1407700.991361,-771750.230419
1 May 2020 16:09:23.315,-615560.154563,-1414258.847771,-781103.081849
2 May 2020 16:09:23.315,-605102.562512,-1420526.341698,-790205.251128
3 May 2020 16:09:23.315,-594849.697103,-1426476.588150,-799044.211234
4 May 2020 16:09:23.315,-584779.934127,-1432072.638567,-807601.793381
5 May 2020 16:09:23.315,-574888.511186,-1437271.407923,-815855.460641
6 May 2020 16:09:23.315,-565190.008431,-1442029.469732,-823780.568978
7 May 2020 16:09:23.315,-555718.042995,-1446309.855016,-831353.363758
8 May 2020 16:09:23.315,-546521.780575,-1450088.314681,-838554.087525
9 May 2020 16:09:23.315,-537660.020141,-1453357.451599,-845369.424420
10 May 2020 16:09:23.315,-529194.445979,-1456127.858405,-851793.720289
11 May 2020 16:09:23.315,-521183.648953,-1458426.504232,-857828.889864
12 May 2020 16:09:23.315,-513678.855188,-1460293.437125,-863483.374042
13 May 2020 16:09:23.315,-506721.516733,-1461778.035613,-868770.693843
14 May 2020 16:09:23.315,-500342.397144,-1462935.680966,-873708.049754
15 May 2020 16:09:23.315,-494561.593751,-1463825.214480,-878315.195611
16 May 2020 16:09:23.315,-489388.980278,-1464507.166465,-882613.628817
17 May 2020 16:09:23.315,-484824.706079,-1465042.555417,-886626.035338
18 May 2020 16:09:23.315,-480859.558161,-1465492.004302,-890375.890946
19 May 2020 16:09:23.315,-477475.134511,-1465914.940552,-893887.119578
20 May 2020 16:09:23.315,-474643.881362,-1466368.698885,-897183.723775
21 May 2020 16:09:23.315,-472329.117997,-1466907.413361,-900289.323528
22 May 2020 16:09:23.315,-470485.212898,-1467580.660492,-903226.568172
23 May 2020 16:09:23.315,-469058.081649,-1468431.892553,-906016.420165
24 May 2020 16:09:23.315,-467986.147130,-1469496.769618,-908677.344467
25 May 2020 16:09:23.315,-467201.841873,-1470801.546554,-911224.463977
26 May 2020 16:09:23.315,-466633.659474,-1472361.685952,-913668.754219
27 May 2020 16:09:23.315,-466208.699934,-1474180.851995,-916016.348703
28 May 2020 16:09:23.315,-465855.619906,-1476250.411869,-918268.018049
29 May 2020 16:09:23.315,-465507.888615,-1478549.558400,-920418.882524
30 May 2020 16:09:23.315,-465107.234667,-1481046.187861,-922458.429019
31 May 2020 16:09:23.315,-464607.102727,-1483698.707769,-924370.928798
1 Jun 2020 16:09:23.315,-463975.790738,-1486458.957381,-926136.372807
2 Jun 2020 16:09:23.315,-463198.733437,-1489276.316347,-927732.019071
3 Jun 2020 16:09:23.315,-462279.255728,-1492102.792649,-929134.539885
4 Jun 2020 16:09:23.315,-461237.216248,-1494898.456108,-930322.560579
5 Jun 2020 16:09:23.315,-460105.411512,-1497636.203551,-931279.160464
5 Jun 2020 17:39:06.974,-460032.816016,-1497804.532731,-931330.829610
5 Jun 2020 17:39:06.974,-460032.816125,-1497804.532697,-931330.829609
6 Jun 2020 17:39:06.974,-458049.577247,-1495883.316896,-930745.555289
7 Jun 2020 17:39:06.974,-456059.678583,-1493893.334747,-929910.997510
8 Jun 2020 17:39:06.974,-454099.351612,-1491849.745108,-928827.291375
9 Jun 2020 17:39:06.974,-452197.199638,-1489779.067535,-927500.525514
10 Jun 2020 17:39:06.974,-450372.032740,-1487715.509582,-925941.299203
11 Jun 2020 17:39:06.974,-448632.150513,-1485697.657324,-924163.311679
12 Jun 2020 17:39:06.974,-446975.590009,-1483765.915789,-922182.209618
13 Jun 2020 17:39:06.974,-445390.828375,-1481960.736957,-920014.753067
14 Jun 2020 17:39:06.974,-443857.544927,-1480321.467505,-917678.255418
15 Jun 2020 17:39:06.974,-442347.209042,-1478885.567708,-915190.204796
16 Jun 2020 17:39:06.974,-440823.410411,-1477687.947745,-912567.961963
17 Jun 2020 17:39:06.974,-439241.969269,-1476760.201734,-909828.434720
18 Jun 2020 17:39:06.974,-437550.960488,-1476129.576528,-906987.643298
19 Jun 2020 17:39:06.974,-435690.860737,-1475817.589831,-904060.116859
20 Jun 2020 17:39:06.974,-433595.074235,-1475838.314772,-901058.101013
21 Jun 2020 17:39:06.974,-431191.089756,-1476196.470681,-897990.611889
22 Jun 2020 17:39:06.974,-428402.448289,-1476885.581829,-894862.433553
23 Jun 2020 17:39:06.974,-425151.554055,-1477886.546895,-891673.205676
24 Jun 2020 17:39:06.974,-421363.172008,-1479166.961879,-888416.766340
25 Jun 2020 17:39:06.974,-416968.282836,-1480681.444205,-885080.890385
26 Jun 2020 17:39:06.974,-411907.872741,-1482373.047145,-881647.504817
27 Jun 2020 17:39:06.974,-406136.241898,-1484175.693628,-878093.394210
28 Jun 2020 17:39:06.974,-399623.490559,-1486017.450267,-874391.356209
29 Jun 2020 17:39:06.974,-392356.927512,-1487824.413677,-870511.739536
30 Jun 2020 17:39:06.974,-384341.208265,-1489524.952863,-866424.279866
1 Jul 2020 17:39:06.974,-375597.072880,-1491053.991230,-862100.116698
2 Jul 2020 17:39:06.974,-366158.676183,-1492356.901358,-857513.808915
3 Jul 2020 17:39:06.974,-356069.716498,-1493392.474362,-852645.083137
4 Jul 2020 17:39:06.974,-345378.816085,-1494134.429987,-847480.008843
5 Jul 2020 17:39:06.974,-334134.776273,-1494571.166737,-842011.377753
6 Jul 2020 17:39:06.974,-322382.354721,-1494703.885849,-836238.276082
7 Jul 2020 17:39:06.974,-310159.081468,-1494543.639215,-830165.062130
8 Jul 2020 17:39:06.974,-297493.365863,-1494108.020968,-823800.067673
9 Jul 2020 17:39:06.974,-284403.825572,-1493418.111983,-817154.310789
10 Jul 2020 17:39:06.974,-270899.520277,-1492496.028822,-810240.403953
11 Jul 2020 17:39:06.974,-256980.676604,-1491363.168079,-803071.729531
12 Jul 2020 17:39:06.974,-242639.533270,-1490039.049108,-795661.868621
13 Jul 2020 17:39:06.974,-227861.051430,-1488540.555399,-788024.216619
14 Jul 2020 17:39:06.974,-212623.367867,-1486881.338524,-780171.693547
15 Jul 2020 17:39:06.974,-196897.992207,-1485071.154448,-772116.448974
16 Jul 2020 17:39:06.974,-180649.860516,-1483114.935828,-763869.464398
17 Jul 2020 17:39:06.974,-163837.460906,-1481011.466019,-755439.972190
18 Jul 2020 17:39:06.974,-146413.336393,-1478751.623493,-746834.646288
19 Jul 2020 17:39:06.974,-128325.318268,-1476316.320643,-738056.583694
20 Jul 2020 17:39:06.974,-109518.799806,-1473674.457040,-729104.186908
21 Jul 2020 17:39:06.974,-89940.175250,-1470781.389233,-719970.154823
22 Jul 2020 17:39:06.974,-69541.244135,-1467578.487742,-710640.852915
23 Jul 2020 17:39:06.974,-48284.009326,-1463994.217561,-701096.310776
24 Jul 2020 17:39:06.974,-26145.050899,-1459946.836625,-691310.970877
25 Jul 2020 17:39:06.974,-3118.680910,-1455348.386026,-681255.125932
26 Jul 2020 17:39:06.974,20781.621782,-1450109.339864,-670896.820509
27 Jul 2020 17:39:06.974,45523.586899,-1444143.219980,-660203.924872
28 Jul 2020 17:39:06.974,71058.094184,-1437370.639610,-649146.124177
29 Jul 2020 17:39:06.974,97322.273238,-1429722.489089,-637696.655551
30 Jul 2020 17:39:06.974,124243.323696,-1421142.179039,-625833.706169
31 Jul 2020 17:39:06.974,151742.626124,-1411586.938300,-613541.418606
1 Aug 2020 17:39:06.974,179739.723093,-1401028.133876,-600810.438184
2 Aug 2020 17:39:06.974,208155.807193,-1389450.535948,-587637.932962
3 Aug 2020 17:39:06.974,236916.490304,-1376850.536383,-574027.081683
4 Aug 2020 17:39:06.974,265953.771558,-1363233.569635,-559986.147948
5 Aug 2020 17:39:06.974,295207.197475,-1348611.202842,-545527.350633
6 Aug 2020 17:39:06.974,324624.259360,-1332998.381137,-530665.740345
7 Aug 2020 17:39:06.974,354160.157700,-1316411.155911,-515418.226683
8 Aug 2020 17:39:06.974,383777.150834,-1298865.019149,-499802.822852
9 Aug 2020 17:39:06.974,413443.739632,-1280373.802988,-483838.110820
10 Aug 2020 17:39:06.974,443133.906764,-1260949.000497,-467542.885186
11 Aug 2020 17:39:06.974,472826.550483,-1240599.311379,-450935.904688
12 Aug 2020 17:39:06.974,502505.153735,-1219330.200267,-434035.663007
13 Aug 2020 17:39:06.974,532157.622130,-1197143.266394,-416860.083322
14 Aug 2020 17:39:06.974,561776.110526,-1174035.262850,-399426.047205
15 Aug 2020 17:39:06.974,591356.540596,-1149996.688400,-381748.693430
16 Aug 2020 17:39:06.974,620897.414925,-1125010.027910,-363840.481523
17 Aug 2020 17:39:06.974,650397.517268,-1099047.951075,-345710.116246
18 Aug 2020 17:39:06.974,679852.246057,-1072072.051274,-327361.565273
19 Aug 2020 17:39:06.974,709248.724221,-1044032.890043,-308793.522867
20 Aug 2020 17:39:06.974,738560.398550,-1014872.021210,-289999.689220
21 Aug 2020 17:39:06.974,767742.325507,-984526.191330,-270970.072347
22 Aug 2020 17:39:06.974,796728.394412,-952933.183753,-251693.203869
23 Aug 2020 17:39:06.974,825431.223965,-920038.172029,-232158.843685
24 Aug 2020 17:39:06.974,853744.633655,-885799.329300,-212360.615854
25 Aug 2020 17:39:06.974,881547.908882,-850191.833038,-192298.122020
26 Aug 2020 17:39:06.974,908710.856233,-813210.010984,-171978.320439
27 Aug 2020 17:39:06.974,935098.847351,-774867.853292,-151416.181650
28 Aug 2020 17:39:06.974,960577.428750,-735198.322554,-130634.748142
29 Aug 2020 17:39:06.974,985016.401577,-694251.890472,-109664.734644
30 Aug 2020 17:39:06.974,1008293.438896,-652094.655723,-88543.765186
31 Aug 2020 17:39:06.974,1030297.289163,-608806.338589,-67315.319521
1 Sep 2020 17:39:06.974,1050930.453608,-564478.380059,-46027.494868
2 Sep 2020 17:39:06.974,1070111.057534,-519212.213302,-24731.751242
3 Sep 2020 17:39:06.974,1087773.675282,-473117.553893,-3481.806943
4 Sep 2020 17:39:06.974,1103869.179742,-426310.481880,17667.260718
5 Sep 2020 17:39:06.974,1118364.012104,-378911.272859,38659.780386
5 Sep 2020 18:03:37.413,1118596.716599,-378100.172581,39015.372614
5 Sep 2020 18:03:37.413,1118596.716559,-378100.172699,39015.372615
6 Sep 2020 18:03:37.413,1133036.777619,-329346.545762,59775.635263
7 Sep 2020 18:03:37.413,1145856.981739,-280251.309047,80268.508992
8 Sep 2020 18:03:37.413,1157071.365401,-230938.206501,100441.511291
9 Sep 2020 18:03:37.413,1166707.805761,-181526.678123,120244.828503
10 Sep 2020 18:03:37.413,1174807.663509,-132130.031582,139632.118767
11 Sep 2020 18:03:37.413,1181425.297676,-82853.426846,158561.406320
12 Sep 2020 18:03:37.413,1186627.191092,-33791.566762,176996.122023
13 Sep 2020 18:03:37.413,1190490.326329,14973.876337,194906.307491
14 Sep 2020 18:03:37.413,1193099.400265,63376.839959,212269.908719
15 Sep 2020 18:03:37.413,1194542.562645,111368.894211,229073.942654
16 Sep 2020 18:03:37.413,1194905.727536,158919.868888,245315.161164
17 Sep 2020 18:03:37.413,1194266.153591,206016.221785,260999.766599
18 Sep 2020 18:03:37.413,1192686.684956,252656.749554,276141.870329
19 Sep 2020 18:03:37.413,1190212.300832,298846.176130,290760.774631
20 Sep 2020 18:03:37.413,1186870.051374,344588.093847,304877.631552
21 Sep 2020 18:03:37.413,1182672.246562,389879.035281,318512.287507
22 Sep 2020 18:03:37.413,1177621.650482,434704.888537,331680.981297
23 Sep 2020 18:03:37.413,1171717.062903,479039.858435,344395.149247
24 Sep 2020 18:03:37.413,1164958.065583,522847.370217,356661.192369
25 Sep 2020 18:03:37.413,1157348.415920,566082.033139,368480.866709
26 Sep 2020 18:03:37.413,1148898.140367,608691.930193,379851.968108
27 Sep 2020 18:03:37.413,1139624.649056,650620.811184,390769.094364
28 Sep 2020 18:03:37.413,1129553.219100,691810.041516,401224.386554
29 Sep 2020 18:03:37.413,1118717.103012,732200.323812,411208.233395
30 Sep 2020 18:03:37.413,1107157.411016,771733.271008,420709.961706
1 Oct 2020 18:03:37.413,1094922.843865,810352.902716,429718.541626
2 Oct 2020 18:03:37.413,1082069.328155,848007.091694,438223.316228
3 Oct 2020 18:03:37.413,1068659.608531,884648.924965,446214.725888
4 Oct 2020 18:03:37.413,1054762.837675,920237.885424,453684.955617
5 Oct 2020 18:03:37.413,1040454.147209,954740.747162,460628.422632
6 Oct 2020 18:03:37.413,1025814.116477,988132.155160,467042.075473
7 Oct 2020 18:03:37.413,1010928.058723,1020395.005233,472925.575159
8 Oct 2020 18:03:37.413,995885.117954,1051520.848661,478281.496215
9 Oct 2020 18:03:37.413,980777.206357,1081510.536857,483115.676331
10 Oct 2020 18:03:37.413,965697.730488,1110375.216458,487437.780847
11 Oct 2020 10:58:59.195,955132.683025,1130063.610884,490185.044958
12 Oct 2020 10:58:59.195,936920.298091,1155355.016652,492737.396810
13 Oct 2020 10:58:59.195,918975.911363,1179608.107913,494827.382252
14 Oct 2020 10:58:59.195,901372.510063,1202877.103060,496483.914534
15 Oct 2020 10:58:59.195,884168.714205,1225228.822129,497742.604931
16 Oct 2020 10:58:59.195,867403.569587,1246738.823645,498644.554884
17 Oct 2020 10:58:59.195,851093.092755,1267485.147792,499233.897855
18 Oct 2020 10:58:59.195,835230.119620,1287540.780709,499554.437725
19 Oct 2020 10:58:59.195,819787.984069,1306966.777690,499646.201403
20 Oct 2020 10:58:59.195,804727.051627,1325807.858939,499542.821132
21 Oct 2020 10:58:59.195,790002.143965,1344091.226968,499270.280099
22 Oct 2020 10:58:59.195,775568.986659,1361828.100166,498846.974504
23 Oct 2020 10:58:59.195,761388.690128,1379016.767029,498284.648955
24 Oct 2020 10:58:59.195,747430.218275,1395645.999510,497589.688275
25 Oct 2020 10:58:59.195,733671.345504,1411698.098232,496764.395248
26 Oct 2020 10:58:59.195,720098.721337,1427151.304309,495808.076346
27 Oct 2020 10:58:59.195,706707.531786,1441981.618491,494717.903879
28 Oct 2020 10:58:59.195,693501.048591,1456164.203378,493489.602503
29 Oct 2020 10:58:59.195,680490.186642,1469674.564808,492118.035321
30 Oct 2020 10:58:59.195,667693.078334,1482489.671421,490597.759391
31 Oct 2020 10:58:59.195,655134.622525,1494589.112581,488923.596586
1 Nov 2020 10:58:59.195,642845.964633,1505956.329770,487091.232469
2 Nov 2020 10:58:59.195,630863.891134,1516579.888403,485097.825438
3 Nov 2020 10:58:59.195,619230.141510,1526454.696715,482942.588423
4 Nov 2020 10:58:59.195,607990.624663,1535583.056183,480627.309151
5 Nov 2020 10:58:59.195,597194.483650,1543975.479516,478156.803736
6 Nov 2020 10:58:59.195,586892.924526,1551651.319827,475539.337210
7 Nov 2020 10:58:59.195,577137.726856,1558639.332112,472787.063367
8 Nov 2020 10:58:59.195,567979.346590,1564978.258450,469916.517831
9 Nov 2020 10:58:59.195,559464.481858,1570717.389422,466949.145235
10 Nov 2020 10:58:59.195,551632.947590,1575916.851161,463911.757132
11 Nov 2020 10:58:59.195,544513.797511,1580647.149105,460836.713872
12 Nov 2020 10:58:59.195,538120.933005,1584987.350382,457761.529351
13 Nov 2020 10:58:59.195,532448.946768,1589021.363524,454727.586707
14 Nov 2020 10:58:59.195,527470.463284,1592832.251511,451777.815397
15 Nov 2020 10:58:59.195,523136.338720,1596495.372803,448953.552866
16 Nov 2020 10:58:59.195,519379.402406,1600071.973947,446291.256727
17 Nov 2020 10:58:59.195,516121.111373,1603605.016879,443819.940950
18 Nov 2020 10:58:59.195,513279.330367,1607118.232539,441559.969633
19 Nov 2020 10:58:59.195,510775.220831,1610618.123546,439523.281362
20 Nov 2020 10:58:59.195,508537.963545,1614097.714103,437714.621529
21 Nov 2020 10:58:59.195,506507.106735,1617540.691307,436133.187817
22 Nov 2020 10:58:59.195,504633.080386,1620925.005153,434774.216813
23 Nov 2020 10:58:59.195,502876.652385,1624225.558907,433630.270936
24 Nov 2020 10:58:59.195,501207.980807,1627416.036255,432692.177998
25 Nov 2020 10:58:59.195,499605.669916,1630470.110852,431949.689739
26 Nov 2020 10:58:59.195,498056.009822,1633362.327958,431391.967620
27 Nov 2020 10:58:59.195,496552.420812,1636068.910914,431008.005563
28 Nov 2020 10:58:59.195,495095.033553,1638568.675279,430787.074096
29 Nov 2020 10:58:59.195,493690.301443,1640844.144279,430719.232424
30 Nov 2020 10:58:59.195,492350.539946,1642882.851425,430795.913030
1 Dec 2020 10:58:59.195,491093.292073,1644678.704806,431010.548174
2 Dec 2020 10:58:59.195,489940.412679,1646233.221267,431359.191281
3 Dec 2020 10:58:59.195,488916.768088,1647556.468326,431841.090772
4 Dec 2020 10:58:59.195,488048.499575,1648667.656023,432459.189186
5 Dec 2020 10:58:59.195,487360.883529,1649595.408035,433220.529459
5 Dec 2020 17:12:39.871,487214.787173,1649810.650361,433442.809232
5 Dec 2020 17:12:39.871,487214.787354,1649810.650307,433442.809231
6 Dec 2020 17:12:39.871,485681.942401,1646736.116547,432283.546556
7 Dec 2020 17:12:39.871,484368.315239,1643569.899249,431298.338158
8 Dec 2020 17:12:39.871,483276.068782,1640362.263253,430507.249824
9 Dec 2020 17:12:39.871,482394.658984,1637169.648710,429934.264459
10 Dec 2020 17:12:39.871,481697.911271,1634051.887520,429606.297140
11 Dec 2020 17:12:39.871,481141.834413,1631068.170676,429551.569111
12 Dec 2020 17:12:39.871,480663.994770,1628271.918307,429797.330427
13 Dec 2020 17:12:39.871,480185.250709,1625705.246206,430367.166467
14 Dec 2020 17:12:39.871,479614.146454,1623394.219225,431278.397842
15 Dec 2020 17:12:39.871,478853.369580,1621346.150014,432540.207731
16 Dec 2020 17:12:39.871,477806.856955,1619549.638184,434152.957115
17 Dec 2020 17:12:39.871,476385.927819,1617977.101742,436108.735808
18 Dec 2020 17:12:39.871,474513.355420,1616588.788069,438392.793919
19 Dec 2020 17:12:39.871,472125.165193,1615337.055846,440985.324698
20 Dec 2020 17:12:39.871,469170.644659,1614170.040464,443863.149105
21 Dec 2020 17:12:39.871,465611.321609,1613034.327117,447001.057232
22 Dec 2020 17:12:39.871,461419.586039,1611876.674501,450372.754724
23 Dec 2020 17:12:39.871,456577.396840,1610645.055817,453951.485661
24 Dec 2020 17:12:39.871,451075.279036,1609289.346526,457710.455407
25 Dec 2020 17:12:39.871,444911.646024,1607761.959098,461623.182309
26 Dec 2020 17:12:39.871,438092.377133,1606018.649878,465663.884416
27 Dec 2020 17:12:39.871,430630.521281,1604019.614662,469807.967963
28 Dec 2020 17:12:39.871,422545.951353,1601730.851040,474032.636960
29 Dec 2020 17:12:39.871,413864.743586,1599125.629598,478317.597063
30 Dec 2020 17:12:39.871,404618.031783,1596185.842597,482645.793945
31 Dec 2020 17:12:39.871,394840.154157,1592903.014034,487004.105257
1 Jan 2021 17:12:39.871,384566.088300,1589278.810399,491383.891260
2 Jan 2021 17:12:39.871,373828.373092,1585324.933800,495781.304773
3 Jan 2021 17:12:39.871,362653.839716,1581062.315217,500197.278129
4 Jan 2021 17:12:39.871,351060.485131,1576519.579339,504637.142202
5 Jan 2021 17:12:39.871,339054.761909,1571730.810670,509109.871426
6 Jan 2021 17:12:39.871,326629.494596,1566732.685532,513626.971283
7 Jan 2021 17:12:39.871,313762.616152,1561561.051045,518201.031345
8 Jan 2021 17:12:39.871,300416.958190,1556247.074521,522843.980101
9 Jan 2021 17:12:39.871,286541.375296,1550813.205415,527565.125227
10 Jan 2021 17:12:39.871,272073.436916,1545269.388467,532369.155648
11 Jan 2021 17:12:39.871,256943.687133,1539610.154329,537254.390119
12 Jan 2021 17:12:39.871,241081.060617,1533813.238155,542211.609488
13 Jan 2021 17:12:39.871,224418.617923,1527840.118598,547223.735236
14 Jan 2021 17:12:39.871,206898.579061,1521638.377308,552266.408441
15 Jan 2021 17:12:39.871,188475.839925,1515145.279817,557309.275194
16 Jan 2021 17:12:39.871,169119.658909,1508291.728974,562317.621649
17 Jan 2021 17:12:39.871,148813.731837,1501005.832444,567253.993005
18 Jan 2021 17:12:39.871,127555.197955,1493215.644116,572079.543552
19 Jan 2021 17:12:39.871,105353.174012,1484850.992204,576755.017955
20 Jan 2021 17:12:39.871,82227.280209,1475844.559604,581241.390474
21 Jan 2021 17:12:39.871,58206.422211,1466132.502991,585500.264011
22 Jan 2021 17:12:39.871,33327.912016,1455654.920364,589494.160635
23 Jan 2021 17:12:39.871,7636.880658,1444356.446057,593186.834689
24 Jan 2021 17:12:39.871,-18814.141786,1432187.186300,596543.717495
25 Jan 2021 17:12:39.871,-45965.646002,1419104.093866,599532.557963
26 Jan 2021 17:12:39.871,-73751.769779,1405072.701486,602124.251247
27 Jan 2021 13:11:54.809,-97325.587977,1392645.751467,603961.358126
28 Jan 2021 13:11:54.809,-125789.909333,1376113.989920,605895.161040
29 Jan 2021 13:11:54.809,-154680.489767,1358595.887887,607373.133084
30 Jan 2021 13:11:54.809,-183924.397753,1340100.826869,608384.444883
31 Jan 2021 13:11:54.809,-213455.073453,1320649.067868,608923.713595
1 Feb 2021 13:11:54.809,-243216.030592,1300269.149996,608990.164707
2 Feb 2021 13:11:54.809,-273163.582696,1278994.327046,608586.251038
3 Feb 2021 13:11:54.809,-303268.131306,1256858.487942,607715.893742
4 Feb 2021 13:11:54.809,-333513.887054,1233892.079411,606382.574300
5 Feb 2021 13:11:54.809,-363897.169447,1210118.475423,604587.497241
6 Feb 2021 13:11:54.809,-394423.567757,1185551.094680,602327.989708
7 Feb 2021 13:11:54.809,-425104.267521,1160191.448183,599596.250323
8 Feb 2021 13:11:54.809,-455951.836527,1134028.240673,596378.532652
9 Feb 2021 13:11:54.809,-486975.791686,1107037.619984,592654.837993
10 Feb 2021 13:11:54.809,-518178.338833,1079184.602949,588399.168879
11 Feb 2021 13:11:54.809,-549550.730770,1050425.568574,583580.336064
12 Feb 2021 13:11:54.809,-581070.645759,1020711.526258,578163.223574
13 Feb 2021 13:11:54.809,-612700.817698,989991.719760,572110.333075
14 Feb 2021 13:11:54.809,-644388.898420,958217.095060,565383.389960
15 Feb 2021 13:11:54.809,-676068.301062,925343.261162,557944.817515
16 Feb 2021 13:11:54.809,-707659.644514,891332.758641,549758.957346
17 Feb 2021 13:11:54.809,-739072.416834,856156.642189,540793.001314
18 Feb 2021 13:11:54.809,-770206.567077,819795.521639,531017.672212
19 Feb 2021 13:11:54.809,-800953.867659,782240.272127,520407.733618
20 Feb 2021 13:11:54.809,-831199.023703,743492.630395,508942.425317
21 Feb 2021 13:11:54.809,-860820.628261,703565.862103,496605.918215
22 Feb 2021 13:11:54.809,-889692.178451,662485.628106,483387.871256
23 Feb 2021 13:11:54.809,-917683.482395,620291.101724,469284.156000
24 Feb 2021 13:11:54.809,-944662.877897,577036.294020,454297.792576
25 Feb 2021 13:11:54.809,-970500.665277,532791.433136,438440.097777
26 Feb 2021 13:11:54.809,-995073.884499,487644.102105,421731.937799
27 Feb 2021 13:11:54.809,-1018271.989619,441699.620457,404204.754167
28 Feb 2021 13:11:54.809,-1040002.397312,395079.902483,385900.782252
1 Mar 2021 13:11:54.809,-1060194.811365,347920.091143,366871.931548
2 Mar 2021 13:11:54.809,-1078803.646784,300362.995941,347177.315675
3 Mar 2021 13:11:54.809,-1095808.316675,252552.356983,326880.013631
4 Mar 2021 08:24:51.247,-1108267.882568,214183.185015,310237.454960
4 Mar 2021 08:24:51.247,-1108267.882543,214183.185142,310237.454960
5 Mar 2021 08:24:51.247,-1122984.635479,165996.771734,287844.598334
6 Mar 2021 08:24:51.247,-1136152.218927,117915.872339,265024.480482
7 Mar 2021 08:24:51.247,-1147818.824965,70042.950723,241834.202651
8 Mar 2021 08:24:51.247,-1158040.939365,22464.875620,218325.521325
9 Mar 2021 08:24:51.247,-1166879.602546,-24746.528844,194544.704248
10 Mar 2021 08:24:51.247,-1174397.253746,-71533.266035,170532.725348
11 Mar 2021 08:24:51.247,-1180655.172469,-117849.500141,146325.703121
12 Mar 2021 08:24:51.247,-1185711.530381,-163659.593358,121955.517812
13 Mar 2021 08:24:51.247,-1189620.074018,-208935.993088,97450.547625
14 Mar 2021 08:24:51.247,-1192429.432845,-253657.132628,72836.452818
15 Mar 2021 08:24:51.247,-1194182.985299,-297805.511066,48136.928652
16 Mar 2021 08:24:51.247,-1194919.143698,-341366.081839,23374.357770
17 Mar 2021 08:24:51.247,-1194671.871290,-384325.007631,-1429.678253
18 Mar 2021 08:24:51.247,-1193471.242062,-426668.753578,-26254.029957
19 Mar 2021 08:24:51.247,-1191343.896327,-468383.416473,-51077.718646
20 Mar 2021 08:24:51.247,-1188313.318290,-509454.141060,-75879.720433
21 Mar 2021 08:24:51.247,-1184399.949674,-549864.460688,-100638.718008
22 Mar 2021 08:24:51.247,-1179621.245647,-589595.417471,-125332.741836
23 Mar 2021 08:24:51.247,-1173991.871715,-628624.368524,-149938.638649
24 Mar 2021 08:24:51.247,-1167524.326311,-666923.480714,-174431.343424
25 Mar 2021 08:24:51.247,-1160230.330968,-704458.074231,-198782.998139
26 Mar 2021 08:24:51.247,-1152123.304591,-741185.201609,-222962.066284
27 Mar 2021 08:24:51.247,-1143222.049682,-777053.100660,-246932.726808
28 Mar 2021 08:24:51.247,-1133555.367975,-812002.302106,-270654.940891
29 Mar 2021 08:24:51.247,-1123166.757495,-845968.987531,-294085.557408
30 Mar 2021 08:24:51.247,-1112117.885122,-878890.524533,-317180.555199
31 Mar 2021 08:24:51.247,-1100489.529218,-910712.126036,-339898.060583
1 Apr 2021 08:24:51.247,-1088379.314480,-941392.897232,-362201.391419
2 Apr 2021 08:24:51.247,-1075896.617417,-970909.744802,-384061.369582
3 Apr 2021 08:24:51.247,-1063155.986200,-999258.601867,-405457.508297
4 Apr 2021 08:24:51.247,-1050270.719318,-1026453.401194,-426378.120201
5 Apr 2021 08:24:51.247,-1037347.765387,-1052523.669809,-446819.651703
6 Apr 2021 08:24:51.247,-1024484.311121,-1077511.566677,-466785.600747
6 Apr 2021 10:15:11.035,-1023503.716313,-1079382.873118,-468295.968087
6 Apr 2021 10:16:11.035,-1023492.351047,-1079398.732234,-468309.363444
6 Apr 2021 10:26:11.035,-1023378.702425,-1079557.296157,-468443.304663
6 Apr 2021 12:02:53.342,-1022280.045557,-1081088.139079,-469737.426701
7 Apr 2021 00:05:12.187,-1014097.848445,-1092377.544596,-479337.434844
8 Apr 2021 00:05:12.187,-997938.013329,-1114143.198095,-498132.762129
9 Apr 2021 00:05:12.187,-982029.687917,-1134970.195997,-516482.948922
10 Apr 2021 00:05:12.187,-966420.766254,-1154918.787475,-534404.701566
11 Apr 2021 00:05:12.187,-951147.242067,-1174050.473703,-551916.604344
12 Apr 2021 00:05:12.187,-936233.846768,-1192426.261477,-569038.244502
13 Apr 2021 00:05:12.187,-921694.916802,-1210105.133044,-585789.416566
14 Apr 2021 00:05:12.187,-907535.442394,-1227142.753110,-602189.418554
15 Apr 2021 00:05:12.187,-893752.226420,-1243590.427734,-618256.452237
16 Apr 2021 00:05:12.187,-880335.066566,-1259494.299708,-634007.128763
17 Apr 2021 00:05:12.187,-867267.881864,-1274894.723547,-649456.062736
18 Apr 2021 00:05:12.187,-854529.741252,-1289825.727445,-664615.515770
19 Apr 2021 00:05:12.187,-842095.813578,-1304314.451746,-679495.033619
20 Apr 2021 00:05:12.187,-829938.336903,-1318380.462983,-694101.018960
21 Apr 2021 00:05:12.187,-818027.790285,-1332034.890433,-708436.198066
22 Apr 2021 00:05:12.187,-806334.526995,-1345279.431340,-722498.981923
23 Apr 2021 00:05:12.187,-794831.160966,-1358105.436837,-736282.792923
24 Apr 2021 00:05:12.187,-783495.921834,-1370493.514394,-749775.538086
25 Apr 2021 00:05:12.187,-772316.923123,-1382414.300573,-762959.539685
26 Apr 2021 00:05:12.187,-761296.783229,-1393831.111203,-775812.318166
27 Apr 2021 00:05:12.187,-750456.432311,-1404704.851673,-788308.531551
28 Apr 2021 00:05:12.187,-739836.611577,-1415000.767334,-800423.023036
29 Apr 2021 00:05:12.187,-729495.966482,-1424695.607075,-812134.407511
30 Apr 2021 00:05:12.187,-719505.794658,-1433783.223434,-823428.246121
1 May 2021 00:05:12.187,-709942.795869,-1442277.088324,-834298.944993
2 May 2021 00:05:12.187,-700881.764090,-1450209.470964,-844750.058617
3 May 2021 00:05:12.187,-692389.791204,-1457628.236579,-854793.304939
4 May 2021 00:05:12.187,-684522.645515,-1464592.676578,-864446.912091
5 May 2021 00:05:12.187,-677323.150057,-1471169.492080,-873733.861161
6 May 2021 00:05:12.187,-670820.959197,-1477429.488814,-882680.349597
7 May 2021 00:05:12.187,-665033.098283,-1483445.078353,-891314.575255
8 May 2021 00:05:12.187,-659964.806992,-1489288.436246,-899665.805525
9 May 2021 00:05:12.187,-655610.441646,-1495030.097978,-907763.647228
10 May 2021 00:05:12.187,-651954.357017,-1500737.803674,-915637.435027
11 May 2021 00:05:12.187,-648971.782538,-1506475.470558,-923315.680546
12 May 2021 00:05:12.187,-646629.741109,-1512302.242428,-930825.551369
13 May 2021 00:05:12.187,-644888.051688,-1518271.614685,-938192.372944
14 May 2021 00:05:12.187,-643700.429435,-1524430.654580,-945439.161131
15 May 2021 00:05:12.187,-643015.669695,-1530819.330810,-952586.195993
16 May 2021 00:05:12.187,-642778.890944,-1537469.945328,-959650.637360
17 May 2021 00:05:12.187,-642932.827129,-1544406.636546,-966646.166628
18 May 2021 00:05:12.187,-643419.202146,-1551644.911650,-973582.629264
19 May 2021 00:05:12.187,-644180.279743,-1559191.182996,-980465.657501
20 May 2021 00:05:12.187,-645160.742361,-1567042.345324,-987296.279169
21 May 2021 00:05:12.187,-646310.083540,-1575185.547664,-994070.569539
22 May 2021 00:05:12.187,-647585.648099,-1583598.480145,-1000779.481968
23 May 2021 00:05:12.187,-648956.260994,-1592250.662737,-1007409.091610
24 May 2021 00:05:12.187,-650406.005630,-1601106.280598,-1013941.557922
25 May 2021 00:05:12.187,-651937.219360,-1610128.889333,-1020357.060696
26 May 2021 00:05:12.187,-653571.426233,-1619287.693678,-1026636.697402
27 May 2021 00:05:12.187,-655347.123459,-1628564.217203,-1032765.878674
28 May 2021 00:05:12.187,-657314.275105,-1637957.549325,-1038737.361845
29 May 2021 00:05:12.187,-659526.675062,-1647486.582158,-1044553.047828
30 May 2021 00:05:12.187,-662034.192177,-1657188.782518,-1050224.132821
31 May 2021 00:05:12.187,-664876.740133,-1667116.361083,-1055769.852329
1 Jun 2021 00:05:12.187,-668080.839382,-1677331.363558,-1061215.468029
1 Jun 2021 15:32:09.635,-670340.888529,-1684090.280583,-1064681.460952

