"Time (UTCG)","L2_X (km)","L2_Y (km)","L2_Z (km)"
22 Nov 2018 01:42:31.229,-1487964.806510,-1614.032532,-487.446306
22 Nov 2018 01:42:36.229,-1487963.626594,-1612.240160,-488.260496
22 Nov 2018 01:42:41.229,-1487961.830343,-1610.721570,-489.173024
22 Nov 2018 01:42:46.229,-1487959.398196,-1609.409712,-490.193909
22 Nov 2018 01:42:51.229,-1487956.303041,-1608.195674,-491.338403
22 Nov 2018 01:42:56.229,-1487952.523249,-1606.933556,-492.623940
22 Nov 2018 01:43:01.229,-1487948.057253,-1605.454568,-494.065968
22 Nov 2018 01:43:06.229,-1487942.932802,-1603.590703,-495.673971
22 Nov 2018 01:43:11.229,-1487937.204831,-1601.199925,-497.449656
22 Nov 2018 01:43:16.229,-1487930.943317,-1598.181406,-499.388012
22 Nov 2018 01:43:21.229,-1487924.219066,-1594.476182,-501.480108
22 Nov 2018 01:43:26.229,-1487917.094261,-1590.058005,-503.715798
22 Nov 2018 01:43:31.229,-1487909.619099,-1584.921824,-506.085434
22 Nov 2018 01:43:36.229,-1487901.832398,-1579.074414,-508.580580
22 Nov 2018 01:43:41.229,-1487893.763780,-1572.528189,-511.194132
22 Nov 2018 01:43:46.229,-1487885.436027,-1565.297630,-513.920169
22 Nov 2018 01:43:51.229,-1487876.867048,-1557.397423,-516.753725
22 Nov 2018 01:43:56.229,-1487868.071354,-1548.841575,-519.690574
22 Nov 2018 01:44:01.229,-1487859.061114,-1539.643073,-522.727050
22 Nov 2018 01:44:06.229,-1487849.846886,-1529.813804,-525.859907
22 Nov 2018 01:44:11.229,-1487840.438125,-1519.364613,-529.086212
22 Nov 2018 01:44:16.229,-1487830.843535,-1508.305402,-532.403269
22 Nov 2018 01:44:21.229,-1487821.071300,-1496.645249,-535.808557
22 Nov 2018 01:44:26.229,-1487811.129260,-1484.392527,-539.299688
22 Nov 2018 01:44:31.229,-1487801.025024,-1471.555006,-542.874374
22 Nov 2018 01:44:36.229,-1487790.766047,-1458.139949,-546.530402
22 Nov 2018 01:44:41.229,-1487780.359693,-1444.154191,-550.265618
22 Nov 2018 01:44:46.229,-1487769.813270,-1429.604210,-554.077907
22 Nov 2018 01:44:51.229,-1487759.134062,-1414.496184,-557.965189
22 Nov 2018 01:44:56.229,-1487748.329344,-1398.836044,-561.925406
22 Nov 2018 01:45:01.229,-1487737.406399,-1382.629511,-565.956518
22 Nov 2018 01:45:06.229,-1487726.372522,-1365.882142,-570.056495
22 Nov 2018 01:45:11.229,-1487715.235032,-1348.599353,-574.223317
22 Nov 2018 01:45:16.229,-1487704.001267,-1330.786449,-578.454968
22 Nov 2018 01:45:21.229,-1487692.678591,-1312.448649,-582.749436
22 Nov 2018 01:45:26.229,-1487681.274393,-1293.591105,-587.104708
22 Nov 2018 01:45:31.229,-1487669.796083,-1274.218921,-591.518773
22 Nov 2018 01:45:36.229,-1487658.251092,-1254.337166,-595.989617
22 Nov 2018 01:45:41.229,-1487646.646870,-1233.950890,-600.515225
22 Nov 2018 01:45:46.229,-1487634.990880,-1213.065136,-605.093578
22 Nov 2018 01:45:51.229,-1487623.290598,-1191.684950,-609.722656
22 Nov 2018 01:45:56.229,-1487611.553509,-1169.815394,-614.400436
22 Nov 2018 01:46:01.229,-1487599.787101,-1147.461547,-619.124890
22 Nov 2018 01:46:06.229,-1487587.998862,-1124.628522,-623.893989
22 Nov 2018 01:46:11.229,-1487576.196277,-1101.321467,-628.705702
22 Nov 2018 01:46:16.229,-1487564.386822,-1077.545573,-633.557994
22 Nov 2018 01:46:21.229,-1487552.577961,-1053.306080,-638.448830
22 Nov 2018 01:46:26.229,-1487540.777142,-1028.608282,-643.376172
22 Nov 2018 01:46:31.229,-1487528.991791,-1003.457531,-648.337983
22 Nov 2018 01:46:36.229,-1487517.229309,-977.859242,-653.332223
22 Nov 2018 01:46:41.229,-1487505.497067,-951.818898,-658.356854
22 Nov 2018 01:46:46.229,-1487493.802402,-925.342051,-663.409838
22 Nov 2018 01:46:51.229,-1487482.152612,-898.434327,-668.489140
22 Nov 2018 01:46:56.229,-1487470.554952,-871.101426,-673.592726
22 Nov 2018 01:47:01.229,-1487459.016629,-843.349131,-678.718563
22 Nov 2018 01:47:06.229,-1487447.544800,-815.183302,-683.864625
22 Nov 2018 01:47:11.229,-1487436.146563,-786.609883,-689.028887
22 Nov 2018 01:47:16.229,-1487424.828959,-757.634906,-694.209333
22 Nov 2018 01:47:21.229,-1487413.598959,-728.264484,-699.403948
22 Nov 2018 01:47:26.229,-1487402.463471,-698.504822,-704.610727
22 Nov 2018 01:47:31.229,-1487391.429325,-668.362212,-709.827672
22 Nov 2018 01:47:36.229,-1487380.503275,-637.843037,-715.052791
22 Nov 2018 01:47:41.229,-1487369.691992,-606.953769,-720.284104
22 Nov 2018 01:47:46.229,-1487359.002064,-575.700974,-725.519638
22 Nov 2018 01:47:51.229,-1487348.439986,-544.091305,-730.757433
22 Nov 2018 01:47:56.229,-1487338.012159,-512.131512,-735.995540
22 Nov 2018 01:48:01.229,-1487327.724888,-479.828434,-741.232021
22 Nov 2018 01:48:06.229,-1487317.584374,-447.189002,-746.464952
22 Nov 2018 01:48:11.229,-1487307.596713,-414.220239,-751.692424
22 Nov 2018 01:48:16.229,-1487297.767891,-380.929260,-756.912542
22 Nov 2018 01:48:21.229,-1487288.103780,-347.323270,-762.123426
22 Nov 2018 01:48:26.229,-1487278.610136,-313.409563,-767.323215
22 Nov 2018 01:48:31.229,-1487269.292592,-279.195523,-772.510064
22 Nov 2018 01:48:36.229,-1487260.156657,-244.688625,-777.682145
22 Nov 2018 01:48:41.229,-1487251.207715,-209.896427,-782.837652
22 Nov 2018 01:48:46.229,-1487242.451014,-174.826575,-787.974797
22 Nov 2018 01:48:51.229,-1487233.891670,-139.486800,-793.091814
22 Nov 2018 01:48:56.229,-1487225.534660,-103.884916,-798.186959
22 Nov 2018 01:49:01.229,-1487217.384819,-68.028818,-803.258508
22 Nov 2018 01:49:06.229,-1487209.446840,-31.926482,-808.304765
22 Nov 2018 01:49:11.229,-1487201.725266,4.414037,-813.324053
22 Nov 2018 01:49:16.229,-1487194.224490,40.984610,-818.314725
22 Nov 2018 01:49:21.229,-1487186.948752,77.777031,-823.275156
22 Nov 2018 01:49:26.229,-1487179.902137,114.783023,-828.203749
22 Nov 2018 01:49:31.229,-1487173.088569,151.994239,-833.098936
22 Nov 2018 01:49:36.229,-1487166.511812,189.402264,-837.959175
22 Nov 2018 01:49:41.229,-1487160.175466,226.998615,-842.782954
22 Nov 2018 01:49:46.229,-1487154.082965,264.774751,-847.568789
22 Nov 2018 01:49:51.229,-1487148.237574,302.722065,-852.315230
22 Nov 2018 01:49:56.229,-1487142.642387,340.831895,-857.020855
22 Nov 2018 01:50:01.229,-1487137.300326,379.095524,-861.684276
22 Nov 2018 01:50:06.229,-1487132.214138,417.504180,-866.304134
22 Nov 2018 01:50:11.229,-1487127.386393,456.049045,-870.879108
22 Nov 2018 01:50:16.229,-1487122.819482,494.721250,-875.407908
22 Nov 2018 01:50:21.229,-1487118.515618,533.511886,-879.889279
22 Nov 2018 01:50:26.229,-1487114.476830,572.412000,-884.322001
22 Nov 2018 01:50:31.229,-1487110.704965,611.412602,-888.704889
22 Nov 2018 01:50:36.229,-1487107.201687,650.504669,-893.036797
22 Nov 2018 01:50:41.229,-1487103.968472,689.679144,-897.316613
22 Nov 2018 01:50:46.229,-1487101.006611,728.926943,-901.543263
22 Nov 2018 01:50:51.229,-1487098.317207,768.238957,-905.715713
22 Nov 2018 01:50:56.229,-1487095.901175,807.606053,-909.832964
22 Nov 2018 01:51:01.229,-1487093.759239,847.019082,-913.894059
22 Nov 2018 01:51:06.229,-1487091.891935,886.468879,-917.898078
22 Nov 2018 01:51:11.229,-1487090.299609,925.946265,-921.844143
22 Nov 2018 01:51:16.229,-1487088.982415,965.442054,-925.731413
22 Nov 2018 01:51:21.229,-1487087.940317,1004.947055,-929.559091
22 Nov 2018 01:51:26.229,-1487087.173088,1044.452074,-933.326419
22 Nov 2018 01:51:31.229,-1487086.680308,1083.947919,-937.032680
22 Nov 2018 01:51:36.229,-1487086.461369,1123.425404,-940.677200
22 Nov 2018 01:51:41.229,-1487086.515470,1162.875348,-944.259345
22 Nov 2018 01:51:46.229,-1487086.841621,1202.288583,-947.778524
22 Nov 2018 01:51:51.229,-1487087.438640,1241.655958,-951.234188
22 Nov 2018 01:51:56.229,-1487088.305158,1280.968338,-954.625832
22 Nov 2018 01:52:01.229,-1487089.439615,1320.216608,-957.952991
22 Nov 2018 01:52:06.229,-1487090.840265,1359.391682,-961.215244
22 Nov 2018 01:52:11.229,-1487092.505174,1398.484499,-964.412214
22 Nov 2018 01:52:16.229,-1487094.432220,1437.486029,-967.543565
22 Nov 2018 01:52:21.229,-1487096.619101,1476.387278,-970.609006
22 Nov 2018 01:52:26.229,-1487099.063326,1515.179290,-973.608289
22 Nov 2018 01:52:31.229,-1487101.762224,1553.853148,-976.541206
22 Nov 2018 01:53:31.229,-1487151.373302,2015.916035,-1008.020694
22 Nov 2018 01:54:37.941,-1487243.180807,2524.824689,-1035.117083
22 Nov 2018 01:55:44.632,-1487372.983156,3025.544488,-1053.734166
22 Nov 2018 01:56:51.265,-1487539.849583,3514.835900,-1063.771181
22 Nov 2018 01:57:57.861,-1487742.736085,3989.977314,-1065.196945
22 Nov 2018 01:59:04.482,-1487980.584822,4448.605750,-1058.015227
22 Nov 2018 02:00:03.968,-1488221.272082,4841.803458,-1044.368545
22 Nov 2018 02:01:03.976,-1488489.905034,5220.912577,-1023.762877
22 Nov 2018 02:02:10.694,-1488817.426813,5619.553886,-992.921269
22 Nov 2018 02:03:17.455,-1489173.640026,5992.114979,-953.890890
22 Nov 2018 02:04:24.298,-1489556.670771,6336.575426,-906.871848
22 Nov 2018 02:05:31.232,-1489964.350660,6650.880470,-852.121001
22 Nov 2018 02:06:38.258,-1490394.315811,6933.104967,-789.946610
22 Nov 2018 02:07:45.395,-1490844.185274,7181.573650,-720.682853
22 Nov 2018 02:08:52.649,-1491311.377834,7394.733474,-644.715595
22 Nov 2018 02:10:00.005,-1491793.050616,7571.177760,-562.496990
22 Nov 2018 02:11:09.588,-1492302.049284,7713.515811,-471.645373
22 Nov 2018 02:12:17.232,-1492804.918378,7812.232210,-378.117369
22 Nov 2018 02:13:25.097,-1493314.346181,7871.487604,-279.702867
22 Nov 2018 02:14:33.150,-1493827.057781,7890.642306,-177.010795
22 Nov 2018 02:15:41.313,-1494339.392162,7869.401718,-70.759728
22 Nov 2018 02:16:49.479,-1494847.473399,7807.933598,38.246473
22 Nov 2018 02:17:57.677,-1495348.483839,7706.655619,149.397084
22 Nov 2018 02:19:05.946,-1495839.716286,7566.130344,262.090938
22 Nov 2018 02:20:14.304,-1496318.354322,7387.124907,375.686297
22 Nov 2018 02:21:22.757,-1496781.559326,7170.636313,489.516268
22 Nov 2018 02:22:31.301,-1497226.509938,6917.911302,602.895026
22 Nov 2018 02:23:39.062,-1497645.262946,6634.273453,713.726424
22 Nov 2018 02:24:47.710,-1498045.634621,6314.427977,824.080348
22 Nov 2018 02:25:53.180,-1498402.964152,5980.722374,926.921935
22 Nov 2018 02:27:01.972,-1498750.548597,5601.998724,1031.840935
22 Nov 2018 02:28:10.851,-1499067.967109,5196.241713,1133.059120
22 Nov 2018 02:29:19.800,-1499353.197009,4765.929292,1229.942267
22 Nov 2018 02:30:28.812,-1499604.465812,4313.642799,1321.897736
22 Nov 2018 02:31:37.903,-1499820.275631,3841.943563,1408.390509
22 Nov 2018 02:32:47.081,-1499999.278773,3353.553175,1488.901530
22 Nov 2018 02:33:56.349,-1500140.310542,2851.329979,1562.936491
22 Nov 2018 02:35:05.722,-1500242.429685,2338.133609,1630.046336
22 Nov 2018 02:36:15.203,-1500304.875081,1816.986728,1689.803889
22 Nov 2018 02:37:24.761,-1500327.104669,1291.234545,1741.797358
22 Nov 2018 02:38:34.382,-1500308.871088,764.142435,1785.682017
22 Nov 2018 02:39:44.035,-1500250.214194,239.124898,1821.157983
22 Nov 2018 02:40:15.978,-1500209.881694,-0.001182,1834.546696
22 Nov 2018 02:41:15.978,-1500076.652973,-631.612551,1864.508727
22 Nov 2018 02:42:18.223,-1499908.071318,-1278.461233,1888.656654
22 Nov 2018 02:43:21.214,-1499707.413792,-1921.474252,1905.933841
22 Nov 2018 02:44:25.719,-1499472.624436,-2565.168562,1916.329799
22 Nov 2018 02:45:32.552,-1499200.706562,-3213.913178,1919.629036
22 Nov 2018 02:46:42.455,-1498888.348843,-3870.607976,1915.419001
22 Nov 2018 02:47:55.573,-1498534.885456,-4532.038219,1903.272503
22 Nov 2018 02:49:10.939,-1498146.143015,-5185.631872,1883.237477
22 Nov 2018 02:50:27.695,-1497729.017384,-5821.665329,1855.836790
22 Nov 2018 02:51:46.082,-1497285.052444,-6440.794071,1821.442324
22 Nov 2018 02:53:06.851,-1496812.516782,-7047.569442,1780.111519
22 Nov 2018 02:54:30.832,-1496308.688360,-7646.421843,1731.689182
22 Nov 2018 02:55:58.857,-1495770.471389,-8241.002515,1675.873460
22 Nov 2018 02:57:31.775,-1495194.476849,-8834.301144,1612.242809
22 Nov 2018 02:59:10.472,-1494577.036672,-9428.781666,1540.271106
22 Nov 2018 03:00:55.884,-1493914.237114,-10026.455052,1459.340961
22 Nov 2018 03:02:48.999,-1493202.006971,-10628.885107,1368.762157
22 Nov 2018 03:04:50.828,-1492436.389571,-11237.056016,1267.815023
22 Nov 2018 03:07:02.354,-1491613.933451,-11851.209109,1155.815229
22 Nov 2018 03:09:24.452,-1490732.225460,-12470.656041,1032.205526
22 Nov 2018 03:11:57.840,-1489790.171859,-13093.844225,896.619023
22 Nov 2018 03:14:43.113,-1488787.717133,-13718.774745,748.859816
22 Nov 2018 03:17:40.862,-1487725.043310,-14343.607944,588.794682
22 Nov 2018 03:20:51.812,-1486601.713912,-14967.114101,416.219365
22 Nov 2018 03:24:16.887,-1485416.328668,-15588.712155,230.791598
22 Nov 2018 03:27:57.224,-1484166.523382,-16208.310970,32.016571
22 Nov 2018 03:31:54.152,-1482849.184989,-16826.082529,-180.729891
22 Nov 2018 03:36:09.174,-1481460.642382,-17442.300566,-408.177149
22 Nov 2018 03:40:43.961,-1479996.782008,-18057.249979,-651.144503
22 Nov 2018 03:45:40.348,-1478453.146238,-18671.165056,-910.526835
22 Nov 2018 03:51:00.344,-1476824.954080,-19284.211897,-1187.292101
22 Nov 2018 03:56:46.137,-1475107.148311,-19896.465482,-1482.473925
22 Nov 2018 04:03:00.113,-1473294.373282,-20507.915633,-1797.175730
22 Nov 2018 04:09:44.868,-1471380.992727,-21118.458366,-2132.568049
22 Nov 2018 04:17:03.237,-1469361.032032,-21727.911709,-2489.899055
22 Nov 2018 04:24:58.300,-1467228.235767,-22335.994241,-2870.484961
22 Nov 2018 04:33:33.419,-1464975.987827,-22942.345867,-3275.724669
22 Nov 2018 04:42:52.258,-1462597.320426,-23546.519831,-3707.098910
22 Nov 2018 04:52:58.806,-1460084.915463,-24147.978360,-4166.170646
22 Nov 2018 05:03:57.411,-1457431.068076,-24746.097604,-4654.592380
22 Nov 2018 05:15:52.814,-1454627.662515,-25340.168062,-5174.111409
22 Nov 2018 05:28:50.189,-1451666.136584,-25929.396513,-5726.577323
22 Nov 2018 05:42:55.169,-1448537.510860,-26512.894952,-6313.937477
22 Nov 2018 05:58:13.904,-1445232.307904,-27089.691632,-6938.253018
22 Nov 2018 06:14:53.091,-1441740.590145,-27658.719225,-7601.692767
22 Nov 2018 06:33:00.039,-1438051.883999,-28218.823898,-8306.548550
22 Nov 2018 06:52:42.705,-1434155.221082,-28768.755224,-9055.228363
22 Nov 2018 07:14:09.771,-1430039.054182,-29307.176355,-9850.273428
22 Nov 2018 07:37:30.702,-1425691.257286,-29832.661316,-10694.359282
22 Nov 2018 08:02:55.808,-1421099.126574,-30343.694506,-11590.296543
22 Nov 2018 08:30:36.330,-1416249.325547,-30838.678094,-12541.042503
22 Nov 2018 09:00:44.509,-1411127.901483,-31315.932684,-13549.698776
22 Nov 2018 09:33:33.689,-1405720.222345,-31773.708108,-14619.524436
22 Nov 2018 10:09:18.412,-1400010.962101,-32210.190654,-15753.939599
22 Nov 2018 10:48:14.507,-1393984.121534,-32623.510825,-16956.521686
22 Nov 2018 11:30:39.213,-1387622.979967,-33011.759807,-18231.015064
22 Nov 2018 12:16:51.294,-1380910.093909,-33373.005548,-19581.330980
22 Nov 2018 13:07:11.203,-1373827.202995,-33705.317417,-21011.565583
22 Nov 2018 14:02:01.160,-1366355.366698,-34006.783588,-22525.970636
22 Nov 2018 15:01:45.402,-1358474.725103,-34275.550894,-24128.998945
22 Nov 2018 16:06:50.231,-1350164.748550,-34509.849400,-25825.249121
22 Nov 2018 17:17:44.297,-1341403.985625,-34708.041842,-27619.509622
22 Nov 2018 18:34:58.774,-1332170.086472,-34868.666575,-29516.743411
22 Nov 2018 19:59:07.481,-1322439.942827,-34990.485651,-31522.042751
22 Nov 2018 21:30:47.220,-1312189.412830,-35072.542231,-33640.660803
22 Nov 2018 23:10:37.783,-1301393.684857,-35114.207746,-35877.898186
23 Nov 2018 00:59:22.001,-1290027.484518,-35115.225616,-38239.000017
23 Nov 2018 02:57:45.234,-1278066.126816,-35075.730634,-40728.843473
23 Nov 2018 05:06:33.695,-1265488.157602,-34996.228873,-43351.241015
23 Nov 2018 07:26:30.181,-1252281.380480,-34877.514073,-46107.460861
23 Nov 2018 09:58:06.974,-1238451.815252,-34720.458817,-48994.048974
23 Nov 2018 12:41:45.137,-1224021.652895,-34525.412696,-52002.912162
23 Nov 2018 15:38:41.828,-1208932.910427,-34289.745033,-55141.110154
23 Nov 2018 18:59:43.548,-1192368.966942,-33993.279281,-58570.702656
23 Nov 2018 21:56:47.934,-1178239.334692,-33707.542680,-61479.296090
24 Nov 2018 01:12:49.034,-1163058.851735,-33366.467360,-64584.326521
24 Nov 2018 04:43:24.791,-1147250.024696,-32977.126890,-67795.859630
24 Nov 2018 08:15:24.215,-1131823.568913,-32571.254685,-70909.879305
24 Nov 2018 12:05:09.148,-1115617.161456,-32128.770190,-74163.193301
24 Nov 2018 16:47:18.986,-1096385.548045,-31600.467555,-78003.807748
24 Nov 2018 22:16:53.372,-1074777.717685,-31028.472703,-82297.841136
25 Nov 2018 04:03:17.503,-1052963.903224,-30501.978385,-86613.968616
25 Nov 2018 11:01:34.862,-1027722.987016,-29990.703535,-91587.658419
25 Nov 2018 18:45:25.916,-1000990.255222,-29602.078054,-96833.162876
26 Nov 2018 02:35:32.978,-975101.255024,-29411.832938,-101891.926055
26 Nov 2018 10:54:39.521,-948805.665262,-29440.705225,-107008.363486
26 Nov 2018 19:51:21.436,-921761.211399,-29738.971937,-112246.444351
27 Nov 2018 05:31:04.280,-893843.319057,-30370.052489,-117626.229052
27 Nov 2018 15:58:30.884,-864995.971219,-31408.188634,-123153.207588
28 Nov 2018 03:18:01.179,-835208.002495,-32937.833321,-128822.943628
28 Nov 2018 15:33:42.116,-804500.941610,-35053.165432,-134623.398490
29 Nov 2018 04:49:54.702,-772908.212488,-37858.920558,-140538.783476
29 Nov 2018 19:11:21.969,-740471.636832,-41471.253343,-146550.000598
30 Nov 2018 10:42:47.061,-707256.754065,-46016.296636,-152631.565567
1 Dec 2018 03:27:38.460,-673392.621665,-51621.665584,-158744.326126
1 Dec 2018 21:33:28.751,-638895.150445,-58445.772575,-164867.022888
2 Dec 2018 17:09:34.865,-603772.339770,-66673.185778,-170975.656110
3 Dec 2018 14:16:03.750,-568333.961766,-76430.461060,-176990.201950
4 Dec 2018 13:02:16.511,-532640.792820,-87911.740522,-182870.142681
5 Dec 2018 13:02:16.511,-497631.083282,-100987.737504,-188431.771250
6 Dec 2018 13:02:16.511,-465085.772619,-114964.962705,-193383.820641
7 Dec 2018 13:02:16.511,-434817.440213,-129749.297632,-197763.739537
8 Dec 2018 13:02:16.511,-406664.002907,-145252.727437,-201603.942324
9 Dec 2018 13:02:16.511,-380483.628393,-161392.781849,-204932.822707
10 Dec 2018 13:02:16.511,-356150.944391,-178092.032361,-207775.509080
11 Dec 2018 13:02:16.511,-333554.168795,-195277.637897,-210154.436518
12 Dec 2018 13:02:16.511,-312592.908092,-212880.930003,-212089.785583
13 Dec 2018 13:02:16.511,-293176.450068,-230837.027539,-213599.822205
14 Dec 2018 13:02:16.511,-275222.427658,-249084.468799,-214701.162349
15 Dec 2018 13:02:16.511,-258655.761600,-267564.845363,-215408.978535
16 Dec 2018 13:02:16.511,-243407.802971,-286222.417583,-215737.162051
17 Dec 2018 13:02:16.511,-229415.591085,-305003.690269,-215698.455648
18 Dec 2018 13:02:16.511,-216621.117117,-323856.941358,-215304.578147
19 Dec 2018 13:02:16.511,-204970.455851,-342731.750482,-214566.373679
20 Dec 2018 13:02:16.511,-194412.663946,-361578.684271,-213494.022091
21 Dec 2018 13:02:16.511,-184898.549269,-380349.386754,-212097.313255
22 Dec 2018 13:02:16.511,-176379.744590,-398997.180506,-210385.905534
23 Dec 2018 13:02:16.511,-168808.558107,-417477.846178,-208369.438633
24 Dec 2018 13:02:16.511,-162138.540784,-435750.002565,-206057.460451
25 Dec 2018 13:02:16.511,-156325.179902,-453774.873198,-203459.272994
26 Dec 2018 13:02:16.511,-151326.233206,-471515.725939,-200583.824588
27 Dec 2018 13:02:16.511,-147101.652028,-488937.348643,-197439.689774
28 Dec 2018 13:02:16.511,-143613.275116,-506005.716394,-194035.111015
29 Dec 2018 13:02:16.511,-140824.464549,-522687.838480,-190378.065158
30 Dec 2018 13:02:16.511,-138699.774235,-538951.722399,-186476.331193
31 Dec 2018 13:02:16.511,-137204.682143,-554766.400425,-182337.549288
1 Jan 2019 13:02:16.511,-136305.389231,-570101.984004,-177969.268551
2 Jan 2019 13:02:16.511,-135968.677967,-584929.726373,-173378.984133
3 Jan 2019 13:02:16.511,-136161.821196,-599222.082795,-168574.165241
4 Jan 2019 13:02:16.511,-136852.532697,-612952.762609,-163562.275767
5 Jan 2019 13:02:16.511,-138008.952042,-626096.769797,-158350.789062
6 Jan 2019 13:02:16.511,-139599.657531,-638630.430064,-152947.198161
7 Jan 2019 13:02:16.511,-141593.702004,-650531.403162,-147359.022577
8 Jan 2019 13:02:16.511,-143960.667123,-661778.679535,-141593.812591
9 Jan 2019 13:02:16.511,-146670.732458,-672352.560422,-135659.151790
10 Jan 2019 13:02:16.511,-149694.756105,-682234.620178,-129562.658475
11 Jan 2019 13:02:16.511,-153004.363514,-691407.648773,-123311.986347
12 Jan 2019 13:02:16.511,-156572.039754,-699855.571128,-116914.824816
13 Jan 2019 13:02:16.511,-160371.216580,-707563.338707,-110378.899157
14 Jan 2019 13:02:16.511,-164376.337308,-714516.789084,-103711.970955
15 Jan 2019 13:02:16.511,-168562.868480,-720702.475120,-96921.839783
16 Jan 2019 13:02:16.511,-172907.210605,-726107.484403,-90016.348325
17 Jan 2019 13:02:16.511,-177386.458558,-730719.308804,-83003.394850
18 Jan 2019 13:02:16.511,-181978.013973,-734525.869923,-75890.957568
19 Jan 2019 13:02:16.511,-186659.182894,-737515.794934,-68687.131246
20 Jan 2019 13:02:16.511,-191407.016417,-739678.890740,-61400.166297
21 Jan 2019 13:02:16.511,-196198.571097,-741006.557908,-54038.493341
22 Jan 2019 13:02:16.511,-201011.464085,-741491.878625,-46610.724388
23 Jan 2019 13:02:16.511,-205824.398655,-741129.367098,-39125.639120
24 Jan 2019 13:02:16.511,-210617.443121,-739914.590735,-31592.171657
25 Jan 2019 13:02:16.511,-215372.064098,-737843.859295,-24019.406319
26 Jan 2019 13:02:16.511,-220071.021148,-734914.052933,-16416.581994
27 Jan 2019 13:02:16.511,-224698.220020,-731122.570528,-8793.101181
28 Jan 2019 13:02:16.511,-229238.577695,-726467.354708,-1158.540130
29 Jan 2019 13:02:16.511,-233677.919009,-720946.957313,6477.341977
30 Jan 2019 13:02:16.511,-238002.907680,-714560.622698,14104.595665
31 Jan 2019 13:02:16.511,-242201.008137,-707308.376786,21713.075830
1 Feb 2019 13:02:16.511,-246260.473106,-699191.116044,29292.438284
2 Feb 2019 13:02:16.511,-250170.352314,-690210.693769,36832.137956
3 Feb 2019 13:02:16.511,-253920.518635,-680370.002616,44321.428454
4 Feb 2019 13:02:16.511,-257501.708909,-669673.052796,51749.362702
5 Feb 2019 13:02:16.511,-260905.577390,-658125.045539,59104.794375
6 Feb 2019 13:02:16.511,-264124.760376,-645732.441240,66376.379831
7 Feb 2019 13:02:16.511,-267152.951035,-632503.021487,73552.580211
8 Feb 2019 13:02:16.511,-269984.983923,-618445.943582,80621.663375
9 Feb 2019 13:02:16.511,-272616.929007,-603571.785304,87571.705236
10 Feb 2019 13:02:16.511,-275046.195106,-587892.576064,94390.590072
11 Feb 2019 13:02:16.511,-277271.641542,-571421.808036,101066.009518
12 Feb 2019 13:02:16.511,-279293.693037,-554174.417119,107585.460552
13 Feb 2019 13:02:16.511,-281114.443058,-536166.719333,113936.244610
14 Feb 2019 13:02:16.511,-282737.709843,-517416.286953,120105.474223
15 Feb 2019 13:02:16.511,-284168.973450,-497941.761034,126080.101546
16 Feb 2019 13:02:16.511,-285415.083393,-477762.643895,131846.993275
17 Feb 2019 13:02:16.511,-286483.642557,-456899.210491,137393.076936
18 Feb 2019 13:02:16.511,-287382.145212,-435372.759989,142705.550491
19 Feb 2019 13:02:16.511,-288117.257095,-413206.312765,147772.078252
20 Feb 2019 13:02:16.511,-288694.721585,-390425.473729,152580.864900
21 Feb 2019 13:02:16.511,-289119.941636,-367058.934129,157120.585455
22 Feb 2019 13:02:16.511,-289398.751348,-343138.373791,161380.269292
23 Feb 2019 13:02:16.511,-289537.887351,-318697.992015,165349.245060
24 Feb 2019 13:02:16.511,-289545.041255,-293774.007233,169017.175115
25 Feb 2019 13:02:16.511,-289428.628321,-268404.292059,172374.151313
26 Feb 2019 13:02:16.511,-289197.435245,-242628.147801,175410.816769
27 Feb 2019 13:02:16.511,-288860.247684,-216486.164851,178118.491171
28 Feb 2019 13:02:16.511,-288425.502201,-190020.118960,180489.289201
1 Mar 2019 13:02:16.511,-287900.977334,-163272.871831,182516.227841
2 Mar 2019 02:40:15.978,-287565.694489,-147970.553144,183512.160548
2 Mar 2019 02:41:15.978,-287567.935853,-147949.188835,183514.020867
2 Mar 2019 02:52:56.958,-287594.114158,-147699.577232,183535.742375
2 Mar 2019 04:44:03.786,-287842.395582,-145324.454868,183741.167702
2 Mar 2019 16:49:49.668,-289433.742163,-129761.822814,185030.949493
3 Mar 2019 16:49:49.668,-292441.852000,-98653.699104,187319.408142
4 Mar 2019 16:49:49.668,-295264.156681,-67285.596314,189241.074426
5 Mar 2019 16:49:49.668,-297913.917597,-35713.767251,190788.813235
6 Mar 2019 16:49:49.668,-300401.911977,-3995.538768,191956.915677
7 Mar 2019 16:49:49.668,-302736.259954,27810.992303,192741.179166
8 Mar 2019 16:49:49.668,-304922.315284,59647.285113,193138.962420
9 Mar 2019 16:49:49.668,-306962.624474,91454.692745,193149.213309
10 Mar 2019 16:49:49.668,-308856.957509,123174.801595,192772.468359
11 Mar 2019 16:49:49.668,-310602.411715,154749.761515,192010.823770
12 Mar 2019 16:49:49.668,-312193.588721,186122.596636,190867.878751
13 Mar 2019 16:49:49.668,-313622.843340,217237.488332,189348.652958
14 Mar 2019 16:49:49.668,-314880.602230,248040.024650,187459.480677
15 Mar 2019 16:49:49.668,-315955.749170,278477.415525,185207.885407
16 Mar 2019 16:49:49.668,-316836.071084,308498.681537,182602.439839
17 Mar 2019 16:49:49.668,-317508.751343,338054.837502,179652.618638
18 Mar 2019 16:49:49.668,-317960.877727,367099.110690,176368.655655
19 Mar 2019 16:49:49.668,-318179.892884,395587.249048,172761.423513
20 Mar 2019 16:49:49.668,-318153.855819,423477.959112,168842.358641
21 Mar 2019 16:49:49.668,-317871.349007,450733.417980,164623.447270
22 Mar 2019 16:49:49.668,-317320.972858,477319.626856,160117.252918
23 Mar 2019 16:49:49.668,-316490.680913,503206.287193,155336.915697
24 Mar 2019 16:49:49.668,-315367.468465,528366.126248,150296.050543
25 Mar 2019 16:49:49.668,-313937.723972,552774.023663,145008.548261
26 Mar 2019 16:49:49.668,-312188.034300,576406.386014,139488.359261
27 Mar 2019 16:49:49.668,-310105.997255,599240.914021,133749.331480
28 Mar 2019 16:49:49.668,-307680.770296,621256.628831,127805.117504
29 Mar 2019 16:49:49.668,-304903.333322,642433.980230,121669.130170
30 Mar 2019 16:49:49.668,-301766.554551,662754.936816,115354.522557
31 Mar 2019 16:49:49.668,-298265.149433,682203.028790,108874.177476
1 Apr 2019 16:49:49.668,-294395.590338,700763.347105,102240.699849
2 Apr 2019 16:49:49.668,-290155.996923,718422.511305,95466.409838
3 Apr 2019 16:49:49.668,-285546.020832,735168.617210,88563.336403
4 Apr 2019 16:49:49.668,-280566.730495,750991.172129,81543.211528
5 Apr 2019 16:49:49.668,-275220.498732,765881.022174,74417.465390
6 Apr 2019 16:49:49.668,-269510.894977,779830.273959,67197.222713
7 Apr 2019 16:49:49.668,-263442.584074,792832.211655,59893.300445
8 Apr 2019 16:49:49.668,-257021.233945,804881.209682,52516.206942
9 Apr 2019 16:49:49.668,-250253.434753,815972.641167,45076.142820
10 Apr 2019 16:49:49.668,-243146.632408,826102.782516,37583.003696
11 Apr 2019 16:49:49.668,-235709.079328,835268.714938,30046.385111
12 Apr 2019 16:49:49.668,-227949.805364,843468.224586,22475.589900
13 Apr 2019 16:49:49.668,-219878.611595,850699.704298,14879.638346
14 Apr 2019 16:49:49.668,-211506.089176,856962.062094,7267.281294
15 Apr 2019 15:43:08.094,-203251.088448,862030.944141,-0.000000
15 Apr 2019 15:44:08.094,-203244.983885,862034.313702,-5.292677
15 Apr 2019 15:57:38.405,-203162.527507,862079.774424,-76.771249
15 Apr 2019 18:18:25.720,-202301.482977,862548.611358,-821.918072
16 Apr 2019 11:22:52.421,-195957.186128,865680.872001,-6243.234301
17 Apr 2019 11:22:52.421,-186811.696356,869253.702855,-13857.347388
18 Apr 2019 11:22:52.421,-177412.932273,871857.055298,-21456.978863
19 Apr 2019 11:22:52.421,-167776.049169,873492.013160,-29034.433071
20 Apr 2019 11:22:52.421,-157917.160430,874160.481481,-36582.212552
21 Apr 2019 11:22:52.421,-147853.093286,873865.428591,-44093.036933
22 Apr 2019 11:22:52.421,-137601.018199,872611.023510,-51559.868479
23 Apr 2019 11:22:52.421,-127178.084191,870402.568441,-58975.926485
24 Apr 2019 11:22:52.421,-116601.224937,867246.246717,-66334.676182
25 Apr 2019 11:22:52.421,-105887.198095,863148.826443,-73629.794640
26 Apr 2019 11:22:52.421,-95052.777002,858117.460537,-80855.129731
27 Apr 2019 11:22:52.421,-84114.961948,852159.629422,-88004.667219
28 Apr 2019 11:22:52.421,-73091.124240,845283.190906,-95072.511510
29 Apr 2019 11:22:52.421,-61999.062489,837496.480199,-102052.878208
30 Apr 2019 11:22:52.421,-50856.987850,828808.418396,-108940.094281
1 May 2019 11:22:52.421,-39683.463331,819228.608728,-115728.602342
2 May 2019 11:22:52.421,-28497.317495,808767.413479,-122412.966874
3 May 2019 11:22:52.421,-17317.545852,797436.010694,-128987.881238
4 May 2019 11:22:52.421,-6163.208131,785246.431628,-135448.174776
5 May 2019 11:22:52.421,4946.673205,772211.580019,-141788.819507
6 May 2019 11:22:52.421,15993.208940,758345.233980,-148004.935880
7 May 2019 11:22:52.421,26957.729603,743662.031243,-154091.796973
8 May 2019 11:22:52.421,37821.858387,728177.438914,-160044.830450
9 May 2019 11:22:52.421,48567.566585,711907.709703,-165859.617618
10 May 2019 11:22:52.421,59177.208047,694869.827763,-171531.888985
11 May 2019 11:22:52.421,69633.530116,677081.448601,-177057.515962
12 May 2019 11:22:52.421,79919.659853,658560.839079,-182432.498605
13 May 2019 11:22:52.421,90019.066413,639326.825352,-187652.949832
14 May 2019 11:22:52.421,99915.503680,619398.758929,-192715.077404
15 May 2019 11:22:52.421,109592.942786,598796.513453,-197615.166428
16 May 2019 11:22:52.421,119035.513302,577540.525700,-202349.567465
17 May 2019 11:22:52.421,128227.484259,555651.889110,-206914.698035
18 May 2019 11:22:52.421,137153.325829,533152.489643,-211307.066221
19 May 2019 11:22:52.421,145797.882755,510065.139331,-215523.319804
20 May 2019 11:22:52.421,154146.642738,486413.630612,-219560.309830
21 May 2019 11:22:52.421,162186.009285,462222.647318,-223415.140976
22 May 2019 11:22:52.421,169903.454757,437517.546668,-227085.180882
23 May 2019 11:22:52.421,177287.491649,412324.112246,-230568.024485
24 May 2019 11:22:52.421,184327.511419,386668.384753,-233861.436646
25 May 2019 11:22:52.421,191013.597175,360576.607994,-236963.302123
26 May 2019 11:22:52.421,197336.390595,334075.259664,-239871.598049
27 May 2019 11:22:52.421,203287.037783,307191.116082,-242584.388622
28 May 2019 11:22:52.421,208857.201597,279951.313440,-245099.834762
29 May 2019 11:22:52.421,214039.117004,252383.387897,-247416.211383
30 May 2019 11:22:52.421,218825.669033,224515.289874,-249531.927316
31 May 2019 11:22:52.421,223210.479197,196375.373682,-251445.545037
1 Jun 2019 11:22:52.421,227187.991205,167992.365213,-253155.798671
2 Jun 2019 11:22:52.421,230753.549528,139395.310504,-254661.609290
3 Jun 2019 11:22:52.421,233903.465530,110613.507853,-255962.096666
4 Jun 2019 11:22:52.421,236635.066230,81676.426541,-257056.586624
5 Jun 2019 11:22:52.421,238946.721142,52613.616018,-257944.613182
6 Jun 2019 11:22:52.421,240837.843546,23454.610634,-258625.914846
7 Jun 2019 06:38:42.671,242051.797884,0.000000,-259023.161707
7 Jun 2019 06:39:42.671,242050.766895,-20.237331,-259022.775263
7 Jun 2019 06:54:25.951,242035.566151,-318.154969,-259017.074757
7 Jun 2019 09:04:38.540,241899.223796,-2952.990865,-258965.713272
7 Jun 2019 23:26:52.067,240910.572190,-20388.205222,-258582.968595
8 Jun 2019 23:26:52.067,238926.930891,-49446.483480,-257778.720029
9 Jun 2019 23:26:52.067,236527.786536,-78404.457900,-256768.425072
10 Jun 2019 23:26:52.067,233714.315890,-107233.426748,-255552.654529
11 Jun 2019 23:26:52.067,230488.356991,-135904.824612,-254132.084707
12 Jun 2019 23:26:52.067,226852.343646,-164390.181734,-252507.484820
13 Jun 2019 23:26:52.067,222809.295691,-192661.052439,-250679.720655
14 Jun 2019 23:26:52.067,218362.895130,-220688.939401,-248649.782332
15 Jun 2019 23:26:52.067,213517.655604,-248445.265344,-246418.837035
16 Jun 2019 23:26:52.067,208279.139217,-275901.450711,-243988.292039
17 Jun 2019 23:26:52.067,202654.117781,-303029.113849,-241359.838020
18 Jun 2019 23:26:52.067,196650.578484,-329800.329242,-238535.446073
19 Jun 2019 23:26:52.067,190277.561014,-356187.831668,-235517.318955
20 Jun 2019 23:26:52.067,183544.911420,-382165.094102,-232307.824075
21 Jun 2019 23:26:52.067,176463.060070,-407706.290745,-228909.438586
22 Jun 2019 23:26:52.067,169042.882072,-432786.205302,-225324.720362
23 Jun 2019 23:26:52.067,161295.641748,-457380.139698,-221556.302362
24 Jun 2019 23:26:52.067,153232.995355,-481463.851223,-217606.901466
25 Jun 2019 23:26:52.067,144867.024290,-505013.523905,-213479.333645
26 Jun 2019 23:26:52.067,136210.279035,-528005.769516,-209176.530303
27 Jun 2019 23:26:52.067,127275.822117,-550417.651224,-204701.553143
28 Jun 2019 23:26:52.067,118077.263574,-572226.723671,-200057.606379
29 Jun 2019 23:26:52.067,108628.784905,-593411.084655,-195248.045734
30 Jun 2019 23:26:52.067,98945.148299,-613949.434416,-190276.383862
1 Jul 2019 23:26:52.067,89041.687951,-633821.138591,-185146.291831
2 Jul 2019 23:26:52.067,78934.280351,-653006.290245,-179861.596313
3 Jul 2019 23:26:52.067,68639.291062,-671485.765425,-174426.272300
4 Jul 2019 23:26:52.067,58173.497264,-689241.265812,-168844.431506
5 Jul 2019 23:26:52.067,47553.988143,-706255.341870,-163120.307214
6 Jul 2019 23:26:52.067,36798.048815,-722511.390538,-157258.236967
7 Jul 2019 23:26:52.067,25923.037425,-737993.623073,-151262.645190
8 Jul 2019 23:26:52.067,14946.269444,-752687.000984,-145138.028545
9 Jul 2019 23:26:52.067,3884.928276,-766577.141875,-138888.947615
10 Jul 2019 23:26:52.067,-7243.973227,-779650.204428,-132520.029353
11 Jul 2019 23:26:52.067,-18423.553770,-791892.775545,-126035.984715
12 Jul 2019 23:26:52.067,-29636.932349,-803291.801811,-119441.643184
13 Jul 2019 23:26:52.067,-40867.027581,-813834.618822,-112741.998200
14 Jul 2019 23:26:52.067,-52096.368309,-823509.108618,-105942.247005
15 Jul 2019 23:26:52.067,-63307.028378,-832303.945176,-99047.804349
16 Jul 2019 23:26:52.067,-74480.750194,-840208.815681,-92064.281561
17 Jul 2019 23:26:52.067,-85599.211888,-847214.508576,-84997.443979
18 Jul 2019 23:26:52.067,-96644.319322,-853312.844751,-77853.170880
19 Jul 2019 23:26:52.067,-107598.423697,-858496.512802,-70637.434508
20 Jul 2019 23:26:52.067,-118444.434143,-862758.889307,-63356.300246
21 Jul 2019 23:26:52.067,-129165.846107,-866093.895354,-56015.941106
22 Jul 2019 23:26:52.067,-139746.721129,-868495.904582,-48622.658633
23 Jul 2019 23:26:52.067,-150171.646739,-869959.697431,-41182.904795
24 Jul 2019 23:26:52.067,-160425.693703,-870480.450169,-33703.302129
25 Jul 2019 23:26:52.067,-170494.379203,-870053.748448,-26190.661061
26 Jul 2019 23:26:52.067,-180363.639876,-868675.618162,-18651.994176
27 Jul 2019 23:26:52.067,-190019.816816,-866342.568994,-11094.527411
28 Jul 2019 23:26:52.067,-199449.654665,-863051.647492,-3525.708285
29 Jul 2019 23:26:52.067,-208640.317632,-858800.496799,4046.788764
30 Jul 2019 23:26:52.067,-217579.426320,-853587.419427,11615.059642
31 Jul 2019 23:26:52.067,-226255.119620,-847411.438132,19170.969910
1 Aug 2019 23:26:52.067,-234656.145215,-840272.348509,26706.155096
2 Aug 2019 23:26:52.067,-242771.979928,-832170.756251,34212.020434
3 Aug 2019 23:26:52.067,-250592.977462,-823108.092431,41679.737991
4 Aug 2019 23:26:52.067,-258110.536756,-813086.601888,49100.238958
5 Aug 2019 23:26:52.067,-265317.279853,-802109.301763,56464.198925
6 Aug 2019 23:26:52.067,-272207.223535,-790179.909096,63762.014320
7 Aug 2019 23:26:52.067,-278775.922264,-777302.738439,70983.769037
8 Aug 2019 23:26:52.067,-285020.549655,-763482.576056,78119.192328
9 Aug 2019 23:26:52.067,-290939.874073,-748724.552052,85157.613648
10 Aug 2019 23:26:52.067,-296534.083679,-733034.060500,92087.928212
11 Aug 2019 23:26:52.067,-301804.453248,-716416.811651,98898.595738
12 Aug 2019 23:26:52.067,-306752.937653,-698879.101787,105577.693627
13 Aug 2019 23:26:52.067,-311381.883155,-680428.304167,112113.022403
14 Aug 2019 23:26:52.067,-315694.049536,-661073.436050,118492.222904
15 Aug 2019 23:26:52.067,-319692.969507,-640825.575747,124702.848398
16 Aug 2019 23:26:52.067,-323383.467215,-619697.997486,130732.364556
17 Aug 2019 23:26:52.067,-326772.105328,-597706.072702,136568.097767
18 Aug 2019 23:26:52.067,-329867.435679,-574867.084186,142197.173658
19 Aug 2019 23:26:52.067,-332680.053611,-551200.074829,147606.477352
20 Aug 2019 23:26:52.067,-335222.513754,-526725.781606,152782.647390
21 Aug 2019 23:26:52.067,-337509.164250,-501466.653371,157712.102440
22 Aug 2019 23:26:52.067,-339555.935386,-475446.930421,162381.095791
23 Aug 2019 23:26:52.067,-341380.099614,-448692.762200,166775.792967
24 Aug 2019 23:26:52.067,-343000.008844,-421232.344542,170882.369352
25 Aug 2019 23:26:52.067,-344434.810349,-393096.063298,174687.125892
26 Aug 2019 23:26:52.067,-345704.142327,-364316.635081,178176.621252
27 Aug 2019 23:26:52.067,-346827.812444,-334929.237975,181337.818217
28 Aug 2019 23:26:52.067,-347825.466350,-304971.625613,184158.240788
29 Aug 2019 23:26:52.067,-348716.257019,-274484.217408,186626.136546
30 Aug 2019 23:26:52.067,-349518.528323,-243510.156439,188730.637104
31 Aug 2019 23:26:52.067,-350249.526131,-212095.325330,190461.908518
1 Sep 2019 23:26:52.067,-350925.146977,-180288.310591,191811.284021
2 Sep 2019 23:26:52.067,-351559.729233,-148140.307746,192771.373302
3 Sep 2019 23:26:52.067,-352165.887229,-115704.963037,193336.145074
4 Sep 2019 23:26:52.067,-352754.386873,-83038.151324,193500.981757
5 Sep 2019 23:26:52.067,-353334.062330,-50197.692742,193262.706334
6 Sep 2019 23:26:52.067,-353911.775624,-17243.011600,192619.581846
7 Sep 2019 11:59:13.450,-354214.547396,0.000000,192122.387940
8 Sep 2019 11:59:13.450,-353684.331567,34233.825060,191958.154251
9 Sep 2019 11:59:13.450,-353114.076500,68387.176864,191389.714999
10 Sep 2019 11:59:13.450,-352498.908416,102395.390245,190419.005736
11 Sep 2019 11:59:13.450,-351831.926191,136194.917983,189049.257691
12 Sep 2019 11:59:13.450,-351104.283698,169724.069872,187284.988830
13 Sep 2019 11:59:13.450,-350305.122225,202923.753790,185132.081320
14 Sep 2019 11:59:13.450,-349421.306165,235738.085570,182597.954083
15 Sep 2019 11:59:13.450,-348437.036524,268114.679461,179691.767213
16 Sep 2019 11:59:13.450,-347333.581230,300004.498684,176424.518583
17 Sep 2019 11:59:13.450,-346089.409701,331361.362517,172808.901748
18 Sep 2019 11:59:13.450,-344680.834625,362141.405126,168858.922699
19 Sep 2019 11:59:13.450,-343082.980256,392302.757961,164589.413025
20 Sep 2019 11:59:13.450,-341270.770223,421805.521638,160015.600409
21 Sep 2019 11:59:13.450,-339219.717393,450611.920281,155152.815985
22 Sep 2019 11:59:13.450,-336906.456431,478686.498173,150016.331741
23 Sep 2019 11:59:13.450,-334309.059314,505996.271248,144621.284197
24 Sep 2019 11:59:13.450,-331407.199562,532510.804590,138982.642934
25 Sep 2019 11:59:13.450,-328182.219069,558202.219848,133115.197482
26 Sep 2019 11:59:13.450,-324617.132797,583045.146787,127033.548951
27 Sep 2019 11:59:13.450,-320696.593573,607016.632163,120752.100215
28 Sep 2019 11:59:13.450,-316406.833100,630096.015049,114285.041915
29 Sep 2019 11:59:13.450,-311735.593142,652264.774594,107646.333157
30 Sep 2019 11:59:13.450,-306672.059539,673506.355395,100849.676919
1 Oct 2019 11:59:13.450,-301206.808865,693805.976796,93908.491318
2 Oct 2019 11:59:13.450,-295331.773059,713150.434071,86835.878965
3 Oct 2019 11:59:13.450,-289040.222511,731527.900175,79644.597105
4 Oct 2019 11:59:13.450,-282326.764514,748927.735906,72347.031138
5 Oct 2019 11:59:13.450,-275187.352653,765340.314436,64955.173393
6 Oct 2019 11:59:13.450,-267619.303162,780756.863990,57480.608203
7 Oct 2019 11:59:13.450,-259621.315777,795169.330947,49934.503603
8 Oct 2019 11:59:13.450,-251193.498150,808570.265207,42327.609553
9 Oct 2019 11:59:13.450,-242337.393740,820952.730612,34670.262486
10 Oct 2019 11:59:13.450,-233056.012511,832310.245665,26972.396158
11 Oct 2019 11:59:13.450,-223353.860725,842636.763411,19243.559106
12 Oct 2019 11:59:13.450,-213236.959134,851926.703135,11492.939238
13 Oct 2019 11:59:13.450,-202712.827109,860175.046643,3729.395681
13 Oct 2019 23:30:34.683,-197518.002184,863763.754877,0.000000
14 Oct 2019 23:30:34.683,-190523.544817,869938.530384,-7756.614997
15 Oct 2019 23:30:34.683,-183169.478989,875201.193067,-15505.329024
16 Oct 2019 23:30:34.683,-175469.813477,879546.741721,-23238.055794
17 Oct 2019 23:30:34.683,-167438.802634,882971.483867,-30946.864168
18 Oct 2019 23:30:34.683,-159090.724516,885472.799041,-38624.008523
19 Oct 2019 23:30:34.683,-150439.881014,887048.814439,-46261.959306
20 Oct 2019 23:30:34.683,-141500.788049,887698.138890,-53853.416520
21 Oct 2019 23:30:34.683,-132288.431358,887419.742065,-61391.301704
22 Oct 2019 23:30:34.683,-122818.471812,886212.973255,-68868.736026
23 Oct 2019 23:30:34.683,-113107.348868,884077.664582,-76279.015091
24 Oct 2019 23:30:34.683,-103172.285710,881014.263747,-83615.587773
25 Oct 2019 23:30:34.683,-93031.222789,877023.961424,-90872.042043
26 Oct 2019 23:30:34.683,-82702.708324,872108.796267,-98042.097941
27 Oct 2019 23:30:34.683,-72205.768852,866271.730796,-105119.606468
28 Oct 2019 23:30:34.683,-61559.777238,859516.696718,-112098.552686
29 Oct 2019 23:30:34.683,-50784.330775,851848.611380,-118973.061156
30 Oct 2019 23:30:34.683,-39899.147830,843273.369476,-125737.401988
31 Oct 2019 23:30:34.683,-28923.987387,833797.815881,-132385.996125
1 Nov 2019 23:30:34.683,-17878.592301,823429.706116,-138913.418880
2 Nov 2019 23:30:34.683,-6782.654641,812177.660608,-145314.401206
3 Nov 2019 23:30:34.683,4344.199648,800051.117818,-151583.828470
4 Nov 2019 23:30:34.683,15482.409626,787060.290291,-157716.736647
5 Nov 2019 23:30:34.683,26612.464161,773216.127091,-163708.305936
6 Nov 2019 23:30:34.683,37714.874698,758530.286386,-169553.851756
7 Nov 2019 23:30:34.683,48770.138446,743015.123315,-175248.813230
8 Nov 2019 23:30:34.683,59758.696723,726683.700570,-180788.739587
9 Nov 2019 23:30:34.683,70660.898411,709549.831621,-186169.275958
10 Nov 2019 23:30:34.683,81456.987750,691628.166540,-191386.151867
11 Nov 2019 23:30:34.683,92127.147207,672934.322385,-196435.178477
12 Nov 2019 23:30:34.683,102651.630775,653485.037334,-201312.262533
13 Nov 2019 23:30:34.683,113011.002272,633298.291807,-206013.442185
14 Nov 2019 23:30:34.683,123186.434027,612393.317466,-210534.938661
15 Nov 2019 23:30:34.683,133159.953402,590790.449904,-214873.202705
16 Nov 2019 23:30:34.683,142914.522340,568510.874554,-219024.931044
17 Nov 2019 23:30:34.683,152433.929835,545576.387612,-222987.045168
18 Nov 2019 23:30:34.683,161702.587596,522009.270161,-226756.647841
19 Nov 2019 23:30:34.683,170705.347206,497832.288306,-230330.980864
20 Nov 2019 23:30:34.683,179427.406851,473068.770209,-233707.399023
21 Nov 2019 23:30:34.683,187854.314615,447742.702725,-236883.362958
22 Nov 2019 23:30:34.683,195972.043357,421878.810504,-239856.446813
23 Nov 2019 23:30:34.683,203767.106490,395502.601547,-242624.354946
24 Nov 2019 23:30:34.683,211226.689432,368640.375833,-245184.942841
25 Nov 2019 23:30:34.683,218338.778427,341319.199596,-247536.238613
26 Nov 2019 23:30:34.683,225092.274052,313566.850498,-249676.462537
27 Nov 2019 23:30:34.683,231477.081285,285411.740388,-251604.042851
28 Nov 2019 23:30:34.683,237484.171925,256882.823013,-253317.626780
29 Nov 2019 23:30:34.683,243105.618635,228009.494061,-254816.086415
30 Nov 2019 23:30:34.683,248334.602480,198821.490202,-256098.519595
1 Dec 2019 23:30:34.683,253165.397416,169348.792699,-257164.246237
2 Dec 2019 23:30:34.683,257593.335858,139621.540097,-258012.800715
3 Dec 2019 23:30:34.683,261614.759617,109669.953926,-258643.920881
4 Dec 2019 23:30:34.683,265226.961009,79524.281400,-259057.534315
5 Dec 2019 23:30:34.683,268428.120541,49214.759704,-259253.742661
6 Dec 2019 23:30:34.683,271217.251437,18771.606826,-259232.805582
7 Dec 2019 14:15:58.765,272727.513164,0.000000,-259112.297600
7 Dec 2019 14:15:58.765,272727.513164,-0.000001,-259112.297600
8 Dec 2019 14:15:58.765,269847.698078,-30981.031560,-258891.639451
9 Dec 2019 14:15:58.765,266536.873755,-61838.446470,-258453.899579
10 Dec 2019 14:15:58.765,262793.793356,-92540.441824,-257798.582098
11 Dec 2019 14:15:58.765,258618.450897,-123054.824724,-256925.399447
12 Dec 2019 14:15:58.765,254012.310186,-153349.172465,-255834.330724
13 Dec 2019 14:15:58.765,248978.413252,-183391.109284,-254525.664344
14 Dec 2019 14:15:58.765,243521.287408,-213148.597742,-252999.999152
15 Dec 2019 14:15:58.765,237646.693665,-242590.122235,-251258.203219
16 Dec 2019 14:15:58.765,231361.347448,-271684.720694,-249301.355014
17 Dec 2019 14:15:58.765,224672.722225,-300401.913319,-247130.694506
18 Dec 2019 14:15:58.765,217588.968668,-328711.606318,-244747.596938
19 Dec 2019 14:15:58.765,210118.924332,-356584.023658,-242153.567689
20 Dec 2019 14:15:58.765,202272.172552,-383989.685325,-239350.250734
21 Dec 2019 14:15:58.765,194059.116429,-410899.429498,-236339.443429
22 Dec 2019 14:15:58.765,185491.045876,-437284.468331,-233123.112586
23 Dec 2019 14:15:58.765,176580.185160,-463116.465996,-229703.408796
24 Dec 2019 14:15:58.765,167339.714504,-488367.628791,-226082.677316
25 Dec 2019 14:15:58.765,157783.763245,-513010.798572,-222263.464713
26 Dec 2019 14:15:58.765,147927.374902,-537019.542090,-218248.521020
27 Dec 2019 14:15:58.765,137786.446621,-560368.230249,-214040.797598
28 Dec 2019 14:15:58.765,127377.647066,-583032.102741,-209643.441202
29 Dec 2019 14:15:58.765,116718.317667,-604987.314885,-205059.784948
30 Dec 2019 14:15:58.765,105826.362459,-626210.964641,-200293.336913
31 Dec 2019 14:15:58.765,94720.131782,-646681.098344,-195347.767069
1 Jan 2020 14:15:58.765,83418.305551,-666376.693815,-190226.893167
2 Jan 2020 14:15:58.765,71939.783379,-685277.619418,-184934.666219
3 Jan 2020 14:15:58.765,60303.592463,-703364.568267,-179475.156519
4 Jan 2020 14:15:58.765,48528.830170,-720618.970038,-173852.541977
5 Jan 2020 14:15:58.765,36634.664933,-737022.891850,-168071.101976
6 Jan 2020 14:15:58.765,24640.419311,-752558.956989,-162135.221674
7 Jan 2020 14:15:58.765,12565.738712,-767210.331468,-156049.411783
8 Jan 2020 14:15:58.765,430.796471,-780960.831951,-149818.344105
9 Jan 2020 14:15:58.765,-11743.577981,-793795.161185,-143446.892408
10 Jan 2020 14:15:58.765,-23935.965793,-805699.182577,-136940.158769
11 Jan 2020 14:15:58.765,-36124.634831,-816660.086955,-130303.470239
12 Jan 2020 14:15:58.765,-48287.904738,-826666.364145,-123542.349689
13 Jan 2020 14:15:58.765,-60404.445893,-835707.619211,-116662.479779
14 Jan 2020 14:15:58.765,-72453.435301,-843774.343624,-109669.677367
15 Jan 2020 14:15:58.765,-84414.584052,-850857.729893,-102569.884353
16 Jan 2020 14:15:58.765,-96268.090213,-856949.562185,-95369.172042
17 Jan 2020 14:15:58.765,-107994.566413,-862042.176270,-88073.753407
18 Jan 2020 14:15:58.765,-119574.972816,-866128.468379,-80689.998533
19 Jan 2020 14:15:58.765,-130990.570538,-869201.933147,-73224.450426
20 Jan 2020 14:15:58.765,-142222.901164,-871256.715823,-65683.839774
21 Jan 2020 14:15:58.765,-153253.793292,-872287.668670,-58075.098229
22 Jan 2020 14:15:58.765,-164065.394847,-872290.404984,-50405.370236
23 Jan 2020 14:15:58.765,-174640.228945,-871261.346374,-42682.023714
24 Jan 2020 14:15:58.765,-184961.270666,-869197.760539,-34912.660010
25 Jan 2020 14:15:58.765,-195012.041907,-866097.787819,-27105.123604
26 Jan 2020 14:15:58.765,-204776.721477,-861960.455587,-19267.512042
27 Jan 2020 14:15:58.765,-214240.267784,-856785.680082,-11408.186559
28 Jan 2020 14:15:58.765,-223388.551708,-850574.255327,-3535.783827
29 Jan 2020 01:02:23.373,-227389.141855,-847449.258887,0.000000
30 Jan 2020 01:02:23.373,-236410.811439,-839399.054241,8282.854337
31 Jan 2020 01:02:23.373,-245076.156716,-830304.929111,16555.894004
1 Feb 2020 01:02:23.373,-253375.940458,-820170.395819,24808.900332
2 Feb 2020 01:02:23.373,-261302.488023,-808999.584526,33031.275931
3 Feb 2020 01:02:23.373,-268849.777634,-796797.129338,41212.025893
4 Feb 2020 01:02:23.373,-276013.446342,-783568.043211,49339.744368
5 Feb 2020 01:02:23.373,-282790.657140,-769317.625999,57402.613035
6 Feb 2020 01:02:23.373,-289179.795492,-754051.497389,65388.417730
7 Feb 2020 01:02:23.373,-295180.060428,-737775.870619,73284.582028
8 Feb 2020 01:02:23.373,-300791.166323,-720498.100523,81078.200676
9 Feb 2020 01:02:23.373,-306013.418585,-702227.330585,88756.045297
10 Feb 2020 01:02:23.373,-310848.214678,-682974.919189,96304.529549
11 Feb 2020 01:02:23.373,-315298.711415,-662754.465863,103709.652864
12 Feb 2020 01:02:23.373,-319370.328675,-641581.553958,110956.956380
13 Feb 2020 01:02:23.373,-323070.949497,-619473.457471,118031.510996
14 Feb 2020 01:02:23.373,-326410.868698,-596448.975180,124917.938151
15 Feb 2020 01:02:23.373,-329402.600893,-572528.424524,131600.455532
16 Feb 2020 01:02:23.373,-332060.631271,-547733.758388,138062.940685
17 Feb 2020 01:02:23.373,-334401.150878,-522088.755670,144289.008715
18 Feb 2020 01:02:23.373,-336441.790524,-495619.247028,150262.102596
19 Feb 2020 01:02:23.373,-338201.354251,-468353.350120,155965.595700
20 Feb 2020 01:02:23.373,-339699.548691,-440321.697665,161382.906382
21 Feb 2020 01:02:23.373,-340956.704137,-411557.646731,166497.624205
22 Feb 2020 01:02:23.373,-341993.484387,-382097.460138,171293.646932
23 Feb 2020 01:02:23.373,-342830.584360,-351980.451955,175755.326830
24 Feb 2020 01:02:23.373,-343488.416547,-321249.089688,179867.624182
25 Feb 2020 01:02:23.373,-343986.789548,-289949.046336,183616.265292
26 Feb 2020 01:02:23.373,-344344.584060,-258129.196347,186987.901620
27 Feb 2020 01:02:23.373,-344579.433914,-225841.550792,189970.266093
28 Feb 2020 01:02:23.373,-344707.421931,-193141.128669,192552.322118
29 Feb 2020 01:02:23.373,-344742.802563,-160085.763195,194724.400308
1 Mar 2020 01:02:23.373,-344697.765279,-126735.843849,196478.317646
2 Mar 2020 01:02:23.373,-344582.254256,-93153.996376,197807.473680
3 Mar 2020 01:02:23.373,-344403.860495,-59404.703191,198706.918622
4 Mar 2020 01:02:23.373,-344167.800899,-25553.864181,199173.389334
4 Mar 2020 19:08:18.464,-343953.498805,-0.000000,199237.774041
5 Mar 2020 19:08:18.464,-343687.876591,34273.154887,198960.229898
6 Mar 2020 19:08:18.464,-343353.549041,68464.794071,198249.285007
7 Mar 2020 19:08:18.464,-342947.946224,102507.784829,197107.811224
8 Mar 2020 19:08:18.464,-342466.399274,136337.011824,195540.350594
9 Mar 2020 19:08:18.464,-341901.621514,169890.325521,193553.234647
10 Mar 2020 19:08:18.464,-341242.809891,203109.068403,191154.752709
11 Mar 2020 19:08:18.464,-340474.919386,235937.844437,188355.209019
12 Mar 2020 19:08:18.464,-339578.839498,268323.742265,185166.715591
13 Mar 2020 19:08:18.464,-338532.564724,300215.698025,181602.766850
14 Mar 2020 19:08:18.464,-337312.700731,331564.427022,177677.796723
15 Mar 2020 19:08:18.464,-335895.657086,362322.783834,173406.857772
16 Mar 2020 19:08:18.464,-334258.351299,392446.212606,168805.427427
17 Mar 2020 19:08:18.464,-332378.557086,421893.084458,163889.287940
18 Mar 2020 19:08:18.464,-330235.069106,450624.877015,158674.435395
19 Mar 2020 19:08:18.464,-327807.792858,478606.222007,153176.996347
20 Mar 2020 19:08:18.464,-325077.808995,505804.859457,147413.145880
21 Mar 2020 19:08:18.464,-322027.428476,532191.529760,141399.027430
22 Mar 2020 19:08:18.464,-318640.241169,557739.825550,135150.676517
23 Mar 2020 19:08:18.464,-314901.156327,582426.018103,128683.950446
24 Mar 2020 19:08:18.464,-310796.433196,606228.868356,122014.465407
25 Mar 2020 19:08:18.464,-306313.700994,629129.429594,115157.541781
26 Mar 2020 19:08:18.464,-301441.968733,651110.846914,108128.157915
27 Mar 2020 19:08:18.464,-296171.626321,672158.157184,100940.912309
28 Mar 2020 19:08:18.464,-290494.439067,692258.092201,93609.993883
29 Mar 2020 19:08:18.464,-284403.538288,711398.886995,86149.159886
30 Mar 2020 19:08:18.464,-277893.411169,729570.094612,78571.720921
31 Mar 2020 19:08:18.464,-270959.893553,746762.408431,70890.532549
1 Apr 2020 19:08:18.464,-263600.169870,762967.493207,63117.992958
2 Apr 2020 19:08:18.464,-255812.784902,778177.827096,55266.046195
3 Apr 2020 19:08:18.464,-247597.671934,792386.559409,47346.190491
4 Apr 2020 19:08:18.464,-238956.200156,805587.393765,39369.491053
5 Apr 2020 19:08:18.464,-229891.238447,817774.514149,31346.596311
6 Apr 2020 19:08:18.464,-220407.219476,828942.580851,23287.755694
7 Apr 2020 19:08:18.464,-210510.164010,839086.826496,15202.835667
8 Apr 2020 19:08:18.464,-200207.596896,848203.261172,7101.329796
9 Apr 2020 16:09:23.315,-190858.932540,855340.441619,-0.000000
10 Apr 2020 16:09:23.315,-184660.224037,862159.872879,-7584.582484
11 Apr 2020 16:09:23.315,-178101.308961,868107.239023,-15161.012765
12 Apr 2020 16:09:23.315,-171195.113871,873178.353913,-22721.613766
13 Apr 2020 16:09:23.315,-163954.528339,877369.827931,-30258.933574
14 Apr 2020 16:09:23.315,-156392.628373,880678.779196,-37765.718618
15 Apr 2020 16:09:23.315,-148522.943029,883102.719479,-45234.892619
16 Apr 2020 16:09:23.315,-140359.641911,884639.580082,-52659.544657
17 Apr 2020 16:09:23.315,-131917.613517,885287.804410,-60032.924422
18 Apr 2020 16:09:23.315,-123212.457607,885046.452940,-67348.441506
19 Apr 2020 16:09:23.315,-114260.425569,883915.294892,-74599.666456
20 Apr 2020 16:09:23.315,-105078.334929,881894.879109,-81780.332406
21 Apr 2020 16:09:23.315,-95683.473991,878986.584562,-88884.336742
22 Apr 2020 16:09:23.315,-86093.505320,875192.653095,-95905.742570
23 Apr 2020 16:09:23.315,-76326.372680,870516.206998,-102838.779835
24 Apr 2020 16:09:23.315,-66400.214088,864961.253331,-109677.845911
25 Apr 2020 16:09:23.315,-56333.282852,858532.676398,-116417.505442
26 Apr 2020 16:09:23.315,-46143.878300,851236.219405,-123052.489150
27 Apr 2020 16:09:23.315,-35850.287947,843078.456285,-129577.691270
28 Apr 2020 16:09:23.315,-25470.743054,834066.754804,-135988.165267
29 Apr 2020 16:09:23.315,-15023.389731,824209.232462,-142279.117420
30 Apr 2020 16:09:23.315,-4526.277918,813514.707406,-148445.897908
1 May 2020 16:09:23.315,6002.629397,801992.647909,-154483.989131
2 May 2020 16:09:23.315,16545.425070,789653.126198,-160388.991289
3 May 2020 16:09:23.315,27084.205344,776506.785960,-166156.605991
4 May 2020 16:09:23.315,37601.002065,762564.837666,-171782.620165
5 May 2020 16:09:23.315,48077.716536,747839.099925,-177262.894971
6 May 2020 16:09:23.315,58496.088915,732342.102400,-182593.367440
7 May 2020 16:09:23.315,68837.752680,716087.245387,-187770.073288
8 May 2020 16:09:23.315,79084.415003,699088.966799,-192789.192877
9 May 2020 16:09:23.315,89218.143980,681362.823138,-197647.106076
10 May 2020 16:09:23.315,99221.651915,662925.407591,-202340.426810
11 May 2020 16:09:23.315,109078.433219,643794.129514,-206865.994920
12 May 2020 16:09:23.315,118772.706567,623986.976733,-211220.831715
13 May 2020 16:09:23.315,128289.238635,603522.372540,-215402.087473
14 May 2020 16:09:23.315,137613.167794,582419.151826,-219407.004992
15 May 2020 16:09:23.315,146729.898548,560696.614261,-223232.905994
16 May 2020 16:09:23.315,155625.076837,538374.602379,-226877.195115
17 May 2020 16:09:23.315,164284.625597,515473.571479,-230337.373543
18 May 2020 16:09:23.315,172694.815697,492014.637860,-233611.056337
19 May 2020 16:09:23.315,180842.353457,468019.602990,-236695.990065
20 May 2020 16:09:23.315,188714.472928,443510.955500,-239590.069140
21 May 2020 16:09:23.315,196299.025803,418511.853809,-242291.350096
22 May 2020 16:09:23.315,203584.564418,393046.091972,-244798.063393
23 May 2020 16:09:23.315,210560.414407,367138.051014,-247108.622390
24 May 2020 16:09:23.315,217216.734030,340812.637960,-249221.629120
25 May 2020 16:09:23.315,223544.557368,314095.214977,-251135.876472
26 May 2020 16:09:23.315,229535.818819,287011.521626,-252850.346436
27 May 2020 16:09:23.315,235183.356806,259587.593901,-254364.204141
28 May 2020 16:09:23.315,240480.895382,231849.684729,-255676.787626
29 May 2020 16:09:23.315,245423.003801,203824.191794,-256787.593614
30 May 2020 16:09:23.315,250005.036473,175537.600124,-257696.260181
31 May 2020 16:09:23.315,254223.059989,147016.448561,-258402.548328
1 Jun 2020 16:09:23.315,258073.781316,118287.330076,-258906.326383
2 Jun 2020 16:09:23.315,261554.502386,89376.932693,-259207.563897
3 Jun 2020 16:09:23.315,264663.137538,60312.114846,-259306.343865
4 Jun 2020 16:09:23.315,267398.328485,31119.981656,-259202.900010
5 Jun 2020 16:09:23.315,269759.655249,1827.897435,-258897.674227
5 Jun 2020 17:39:06.974,269894.428116,0.000000,-258871.991521
5 Jun 2020 17:39:06.974,269894.428116,-0.000000,-258871.991521
6 Jun 2020 17:39:06.974,267086.645202,-29717.261519,-258998.331422
7 Jun 2020 17:39:06.974,263890.536375,-59317.868657,-258923.143972
8 Jun 2020 17:39:06.974,260306.387888,-88773.743653,-258646.178833
9 Jun 2020 17:39:06.974,256335.553552,-118057.066071,-258167.379984
10 Jun 2020 17:39:06.974,251980.232252,-147140.309969,-257486.830739
11 Jun 2020 17:39:06.974,247243.310146,-175996.196879,-256604.722028
12 Jun 2020 17:39:06.974,242128.291442,-204597.626864,-255521.345055
13 Jun 2020 17:39:06.974,236639.297462,-232917.627422,-254237.099829
14 Jun 2020 17:39:06.974,230781.103654,-260929.333501,-252752.510763
15 Jun 2020 17:39:06.974,224559.190912,-288605.997128,-251068.243591
16 Jun 2020 17:39:06.974,217979.796836,-315921.020349,-249185.120701
17 Jun 2020 17:39:06.974,211049.959253,-342848.005065,-247104.133650
18 Jun 2020 17:39:06.974,203777.547904,-369360.814624,-244826.452387
19 Jun 2020 17:39:06.974,196171.281833,-395433.643110,-242353.431002
20 Jun 2020 17:39:06.974,188240.730580,-421041.088836,-239686.609817
21 Jun 2020 17:39:06.974,179996.297447,-446158.228637,-236827.713637
22 Jun 2020 17:39:06.974,171449.183372,-470760.689188,-233778.645999
23 Jun 2020 17:39:06.974,162611.330518,-494824.711096,-230541.479349
24 Jun 2020 17:39:06.974,153495.345756,-518327.200934,-227118.441308
25 Jun 2020 17:39:06.974,144114.406002,-541245.765927,-223511.897566
26 Jun 2020 17:39:06.974,134482.149843,-563558.725721,-219724.332438
27 Jun 2020 17:39:06.974,124612.563851,-585245.095777,-215758.328973
28 Jun 2020 17:39:06.974,114519.877747,-606284.538277,-211616.551762
29 Jun 2020 17:39:06.974,104218.490867,-626657.280981,-207301.737402
30 Jun 2020 17:39:06.974,93722.960459,-646344.016065,-202816.699405
1 Jul 2020 17:39:06.974,83048.081259,-665325.812214,-198164.353892
2 Jul 2020 17:39:06.974,72209.058135,-683584.096885,-193347.765852
3 Jul 2020 17:39:06.974,61221.711297,-701100.763040,-188370.201238
4 Jul 2020 17:39:06.974,50102.593859,-717858.393727,-183235.157113
5 Jul 2020 17:39:06.974,38868.922380,-733840.504453,-177946.348617
6 Jul 2020 17:39:06.974,27538.337531,-749031.674007,-172507.659556
7 Jul 2020 17:39:06.974,16128.616346,-763417.513779,-166923.086199
8 Jul 2020 17:39:06.974,4657.453152,-776984.528413,-161196.700167
9 Jul 2020 17:39:06.974,-6857.649987,-789719.953934,-155332.637187
10 Jul 2020 17:39:06.974,-18399.404693,-801611.629702,-149335.104769
11 Jul 2020 17:39:06.974,-29950.708991,-812647.920334,-143208.398972
12 Jul 2020 17:39:06.974,-41494.602622,-822817.681135,-136956.923310
13 Jul 2020 17:39:06.974,-53014.222981,-832110.254385,-130585.206233
14 Jul 2020 17:39:06.974,-64492.770044,-840515.485414,-124097.915894
15 Jul 2020 17:39:06.974,-75913.483507,-848023.750744,-117499.871964
16 Jul 2020 17:39:06.974,-87259.633279,-854625.993362,-110796.054638
17 Jul 2020 17:39:06.974,-98514.524048,-860313.761796,-103991.611062
18 Jul 2020 17:39:06.974,-109661.514929,-865079.250383,-97091.859361
19 Jul 2020 17:39:06.974,-120684.055751,-868915.338007,-90102.290410
20 Jul 2020 17:39:06.974,-131565.741827,-871815.622024,-83028.567590
21 Jul 2020 17:39:06.974,-142290.388926,-873774.443292,-75876.524870
22 Jul 2020 17:39:06.974,-152842.129251,-874786.897507,-68652.163887
23 Jul 2020 17:39:06.974,-163205.527507,-874848.827539,-61361.651054
24 Jul 2020 17:39:06.974,-173365.713313,-873956.791472,-54011.316154
25 Jul 2020 17:39:06.974,-183308.522209,-872108.001521,-46607.654371
26 Jul 2020 17:39:06.974,-193020.631389,-869300.230443,-39157.334152
27 Jul 2020 17:39:06.974,-202489.667310,-865531.685964,-31667.213554
28 Jul 2020 17:39:06.974,-211704.250716,-860800.863855,-24144.367279
29 Jul 2020 17:39:06.974,-220653.936835,-855106.411600,-16596.124056
30 Jul 2020 17:39:06.974,-229329.022763,-848447.066239,-9030.108022
31 Jul 2020 17:39:06.974,-237720.255006,-840821.749206,-1454.269366
1 Aug 2020 17:39:06.974,-245818.569286,-832229.858432,6123.113272
2 Aug 2020 17:39:06.974,-253615.044844,-822671.674505,13693.462921
3 Aug 2020 17:39:06.974,-261101.156108,-812148.687441,21247.946683
4 Aug 2020 17:39:06.974,-268269.212948,-800663.690497,28777.499607
5 Aug 2020 17:39:06.974,-275112.786970,-788220.650955,36272.814930
6 Aug 2020 17:39:06.974,-281626.991534,-774824.485634,43724.308659
7 Aug 2020 17:39:06.974,-287808.602648,-760480.862937,51122.075678
8 Aug 2020 17:39:06.974,-293656.071744,-745196.086975,58455.850246
9 Aug 2020 17:39:06.974,-299169.485011,-728977.066279,65714.976317
10 Aug 2020 17:39:06.974,-304350.504286,-711831.348510,72888.388520
11 Aug 2020 17:39:06.974,-309202.305811,-693767.201409,79964.602969
12 Aug 2020 17:39:06.974,-313729.521822,-674793.725716,86931.717079
13 Aug 2020 17:39:06.974,-317938.184661,-654920.991441,93777.418021
14 Aug 2020 17:39:06.974,-321835.671400,-634160.192819,100488.999905
15 Aug 2020 17:39:06.974,-325430.647166,-612523.819350,107053.389974
16 Aug 2020 17:39:06.974,-328733.006553,-590025.841015,113457.184042
17 Aug 2020 17:39:06.974,-331753.814129,-566681.905308,119686.690987
18 Aug 2020 17:39:06.974,-334505.246738,-542509.542434,125727.985400
19 Aug 2020 17:39:06.974,-337000.541336,-517528.373242,131566.966586
20 Aug 2020 17:39:06.974,-339253.952034,-491760.312608,137189.421202
21 Aug 2020 17:39:06.974,-341280.718367,-465229.759636,142581.086185
22 Aug 2020 17:39:06.974,-343097.043888,-437963.765411,147727.708475
23 Aug 2020 17:39:06.974,-344720.080825,-409992.169002,152615.098419
24 Aug 2020 17:39:06.974,-346167.913452,-381347.692022,157229.174386
25 Aug 2020 17:39:06.974,-347459.530089,-352065.980291,161555.997182
26 Aug 2020 17:39:06.974,-348614.769113,-322185.577135,165581.794762
27 Aug 2020 17:39:06.974,-349654.214541,-291747.807844,169292.982397
28 Aug 2020 17:39:06.974,-350598.997771,-260796.553356,172676.193808
29 Aug 2020 17:39:06.974,-351470.435455,-229377.905286,175718.357094
30 Aug 2020 17:39:06.974,-352289.417934,-197539.741631,178406.870644
31 Aug 2020 17:39:06.974,-353075.505037,-165331.347587,180729.935093
1 Sep 2020 17:39:06.974,-353845.834749,-132803.275944,182677.038999
2 Sep 2020 17:39:06.974,-354614.157014,-100007.575858,184239.474917
3 Sep 2020 17:39:06.974,-355390.364288,-66998.269981,185410.677174
4 Sep 2020 17:39:06.974,-356180.648884,-33831.728659,186186.248658
5 Sep 2020 17:39:06.974,-356988.061597,-566.640122,186563.736295
5 Sep 2020 18:03:37.413,-357001.957336,-0.000000,186566.708784
5 Sep 2020 18:03:37.413,-357001.957336,0.000001,186566.708784
6 Sep 2020 18:03:37.413,-356510.140220,34502.733661,186174.720506
7 Sep 2020 18:03:37.413,-355988.792338,68933.375193,185386.363063
8 Sep 2020 18:03:37.413,-355429.865604,103226.747322,184205.501510
9 Sep 2020 18:03:37.413,-354823.159615,137318.457265,182637.276919
10 Sep 2020 18:03:37.413,-354156.426095,171145.531719,180688.069158
11 Sep 2020 18:03:37.413,-353415.485140,204646.942612,178365.465493
12 Sep 2020 18:03:37.413,-352584.374031,237764.034884,175678.219103
13 Sep 2020 18:03:37.413,-351645.530823,270440.866543,172636.191576
14 Sep 2020 18:03:37.413,-350580.005614,302624.467721,169250.278816
15 Sep 2020 18:03:37.413,-349367.689726,334265.022593,165532.321970
16 Sep 2020 18:03:37.413,-347987.554499,365315.976525,161495.005325
17 Sep 2020 18:03:37.413,-346417.895118,395734.070778,157151.742787
18 Sep 2020 18:03:37.413,-344636.578933,425479.308408,152516.554285
19 Sep 2020 18:03:37.413,-342621.300160,454514.857634,147603.933909
20 Sep 2020 18:03:37.413,-340349.842613,482806.902150,142428.712744
21 Sep 2020 18:03:37.413,-337800.349314,510324.450650,137005.920730
22 Sep 2020 18:03:37.413,-334951.594274,537039.119148,131350.652797
23 Sep 2020 18:03:37.413,-331783.249280,562924.899200,125477.944433
24 Sep 2020 18:03:37.413,-328276.138416,587957.923477,119402.660844
25 Sep 2020 18:03:37.413,-324412.474774,612116.238271,113139.402434
26 Sep 2020 18:03:37.413,-320176.076385,635379.591604,106702.428034
27 Sep 2020 18:03:37.413,-315552.560266,657729.246238,100105.596574
28 Sep 2020 18:03:37.413,-310529.513122,679147.829505,93362.327914
29 Sep 2020 18:03:37.413,-305096.633053,699619.235905,86485.584205
30 Sep 2020 18:03:37.413,-299245.826547,719128.601681,79487.874059
1 Oct 2020 18:03:37.413,-292971.228908,737662.366889,72381.281519
2 Oct 2020 18:03:37.413,-286269.100532,755208.419277,65177.518056
3 Oct 2020 18:03:37.413,-279137.555866,771756.267745,57887.986314
4 Oct 2020 18:03:37.413,-271576.134757,787297.136742,50523.831886
5 Oct 2020 18:03:37.413,-263585.326017,801823.861812,43095.955588
6 Oct 2020 18:03:37.413,-255166.227261,815330.552788,35614.976088
7 Oct 2020 18:03:37.413,-246320.476599,827812.133321,28091.163712
8 Oct 2020 18:03:37.413,-237050.436182,839263.935664,20534.383011
9 Oct 2020 18:03:37.413,-227359.483258,849681.469019,12954.069625
10 Oct 2020 18:03:37.413,-217252.261054,859060.367315,5359.242540
11 Oct 2020 10:58:59.195,-209878.505509,865046.903819,-0.000000
12 Oct 2020 10:58:59.195,-202922.882627,871932.515459,-7773.496129
13 Oct 2020 10:58:59.195,-195600.331013,877898.269510,-15538.679981
14 Oct 2020 10:58:59.195,-187923.278805,882938.276061,-23287.461137
15 Oct 2020 10:58:59.195,-179905.164152,887047.468501,-31011.942807
16 Oct 2020 10:58:59.195,-171560.305435,890221.671257,-38704.410735
17 Oct 2020 10:58:59.195,-162903.763376,892457.642450,-46357.328115
18 Oct 2020 10:58:59.195,-153951.207726,893753.089959,-53963.335194
19 Oct 2020 10:58:59.195,-144718.799382,894106.661492,-61515.251860
20 Oct 2020 10:58:59.195,-135223.095912,893517.912126,-69006.081337
21 Oct 2020 10:58:59.195,-125480.984497,891987.255472,-76429.013246
22 Oct 2020 10:58:59.195,-115509.642311,889515.905884,-83777.424717
23 Oct 2020 10:58:59.195,-105326.521450,886105.818948,-91044.878704
24 Oct 2020 10:58:59.195,-94949.354282,881759.636236,-98225.119148
25 Oct 2020 10:58:59.195,-84396.175146,876480.639165,-105312.062850
26 Oct 2020 10:58:59.195,-73685.354860,870272.716287,-112299.788103
27 Oct 2020 10:58:59.195,-62835.644571,863140.349112,-119182.520225
28 Oct 2020 10:58:59.195,-51866.224068,855088.623413,-125954.614435
29 Oct 2020 10:58:59.195,-40796.745586,846123.275308,-132610.537263
30 Oct 2020 10:58:59.195,-29647.356569,836250.781993,-139144.849208
31 Oct 2020 10:58:59.195,-18438.674826,825478.501149,-145552.193702
1 Nov 2020 10:58:59.195,-7191.683596,813814.844690,-151827.299580
2 Nov 2020 10:58:59.195,4072.473391,801269.441077,-157965.003346
3 Nov 2020 10:58:59.195,15332.772922,787853.213449,-163960.290032
4 Nov 2020 10:58:59.195,26568.584173,773578.314371,-169808.338638
5 Nov 2020 10:58:59.195,37759.821433,758457.928196,-175504.550119
6 Nov 2020 10:58:59.195,48886.922098,742506.031576,-181044.543432
7 Nov 2020 10:58:59.195,59930.691612,725737.218593,-186424.123803
8 Nov 2020 10:58:59.195,70872.113618,708166.641603,-191639.240703
9 Nov 2020 10:58:59.195,81692.208385,689810.052320,-196685.952347
10 Nov 2020 10:58:59.195,92371.973867,670683.897381,-201560.404900
11 Nov 2020 10:58:59.195,102892.405236,650805.426626,-206258.826857
12 Nov 2020 10:58:59.195,113234.572757,630192.788241,-210777.535442
13 Nov 2020 10:58:59.195,123379.736305,608865.098042,-215112.951188
14 Nov 2020 10:58:59.195,133309.477907,586842.477651,-219261.617265
15 Nov 2020 10:58:59.195,143005.836619,564146.060228,-223220.220506
16 Nov 2020 10:58:59.195,152451.432351,540797.965289,-226985.611431
17 Nov 2020 10:58:59.195,161629.568077,516821.247054,-230554.820952
18 Nov 2020 10:58:59.195,170524.303778,492239.823335,-233925.072135
19 Nov 2020 10:58:59.195,179120.500062,467078.393405,-237093.786237
20 Nov 2020 10:58:59.195,187403.833377,441362.353220,-240058.583071
21 Nov 2020 10:58:59.195,195360.787254,415117.715138,-242817.276258
22 Nov 2020 10:58:59.195,202978.624999,388371.037888,-245367.864157
23 Nov 2020 10:58:59.195,210245.349506,361149.371689,-247708.517320
24 Nov 2020 10:58:59.195,217149.656543,333480.223503,-249837.563404
25 Nov 2020 10:58:59.195,223680.890184,305391.548031,-251753.471040
26 Nov 2020 10:58:59.195,229829.014085,276911.769975,-253454.835387
27 Nov 2020 10:58:59.195,235584.619717,248069.839314,-254940.370307
28 Nov 2020 10:58:59.195,240938.998938,218895.309635,-256208.914566
29 Nov 2020 10:58:59.195,245884.303052,189418.407435,-257259.459830
30 Nov 2020 10:58:59.195,250413.780036,159670.036582,-258091.202166
1 Dec 2020 10:58:59.195,254522.025919,129681.663451,-258703.604616
2 Dec 2020 10:58:59.195,258205.143565,99485.079778,-259096.444145
3 Dec 2020 10:58:59.195,261460.729023,69112.118817,-259269.818304
4 Dec 2020 10:58:59.195,264287.700866,38594.433655,-259224.109221
5 Dec 2020 10:58:59.195,266686.070092,7963.398947,-258959.926237
5 Dec 2020 17:12:39.871,267238.495520,0.000000,-258855.761452
5 Dec 2020 17:12:39.871,267238.495520,-0.000001,-258855.761452
6 Dec 2020 17:12:39.871,264608.364655,-30808.977037,-258738.754934
7 Dec 2020 17:12:39.871,261544.159073,-61501.834664,-258403.848480
8 Dec 2020 17:12:39.871,258045.558225,-92047.106132,-257850.737261
9 Dec 2020 17:12:39.871,254113.102787,-122413.173847,-257079.256924
10 Dec 2020 17:12:39.871,249748.277074,-152568.280294,-256089.399538
11 Dec 2020 17:12:39.871,244953.598158,-182480.573256,-254881.333339
12 Dec 2020 17:12:39.871,239732.696422,-212118.180092,-253455.422739
13 Dec 2020 17:12:39.871,234090.376031,-241449.304294,-251812.245958
14 Dec 2020 17:12:39.871,228032.646853,-270442.336274,-249952.608203
15 Dec 2020 17:12:39.871,221566.722863,-299065.969349,-247877.548963
16 Dec 2020 17:12:39.871,214700.986204,-327289.311658,-245588.342693
17 Dec 2020 17:12:39.871,207444.920247,-355081.985738,-243086.493058
18 Dec 2020 17:12:39.871,199809.018149,-382414.209386,-240373.721536
19 Dec 2020 17:12:39.871,191804.675036,-409256.853635,-237451.951617
20 Dec 2020 17:12:39.871,183444.072437,-435581.475376,-234323.289903
21 Dec 2020 17:12:39.871,174740.064022,-461360.323031,-230990.005425
22 Dec 2020 17:12:39.871,165706.073323,-486566.314348,-227454.508714
23 Dec 2020 17:12:39.871,156356.017900,-511172.987092,-223719.332879
24 Dec 2020 17:12:39.871,146704.279692,-535154.428784,-219787.120505
25 Dec 2020 17:12:39.871,136765.744105,-558485.203455,-215660.622162
26 Dec 2020 17:12:39.871,126555.921193,-581140.311476,-211342.713108
27 Dec 2020 17:12:39.871,116091.129509,-603095.232157,-206836.431046
28 Dec 2020 17:12:39.871,105388.669998,-624326.083781,-202145.026913
29 Dec 2020 17:12:39.871,94466.882683,-644809.875415,-197272.007424
30 Dec 2020 17:12:39.871,83345.017203,-664524.751681,-192221.145846
31 Dec 2020 17:12:39.871,72042.952729,-683450.119178,-186996.454076
1 Jan 2021 17:12:39.871,60580.884415,-701566.615272,-181602.131714
2 Jan 2021 17:12:39.871,48979.084741,-718855.968048,-176042.516268
3 Jan 2021 17:12:39.871,37257.780150,-735300.828561,-170322.050242
4 Jan 2021 17:12:39.871,25437.125182,-750884.633961,-164445.268021
5 Jan 2021 17:12:39.871,13537.235335,-765591.523626,-158416.797901
6 Jan 2021 17:12:39.871,1578.244330,-779406.306315,-152241.373036
7 Jan 2021 17:12:39.871,-10419.637155,-792314.467114,-145923.846364
8 Jan 2021 17:12:39.871,-22436.074808,-804302.201902,-139469.206331
9 Jan 2021 17:12:39.871,-34450.583898,-815356.468636,-132882.591545
10 Jan 2021 17:12:39.871,-46442.527047,-825465.046350,-126169.303308
11 Jan 2021 17:12:39.871,-58391.139055,-834616.593840,-119334.815477
12 Jan 2021 17:12:39.871,-70275.579227,-842800.700822,-112384.781451
13 Jan 2021 17:12:39.871,-82075.009417,-850007.925500,-105325.038422
14 Jan 2021 17:12:39.871,-93768.693894,-856229.814028,-98161.609331
15 Jan 2021 17:12:39.871,-105336.115561,-861458.899240,-90900.703193
16 Jan 2021 17:12:39.871,-116757.102380,-865688.677725,-83548.714555
17 Jan 2021 17:12:39.871,-128011.957791,-868913.565363,-76112.222809
18 Jan 2021 17:12:39.871,-139081.588853,-871128.831634,-68597.991928
19 Jan 2021 17:12:39.871,-149947.624509,-872330.512817,-61012.971009
20 Jan 2021 17:12:39.871,-160592.512921,-872515.304616,-53364.295932
21 Jan 2021 17:12:39.871,-170999.580406,-871680.437962,-45659.292479
22 Jan 2021 17:12:39.871,-181153.026811,-869823.551058,-37905.481676
23 Jan 2021 17:12:39.871,-191037.829864,-866942.589041,-30110.588769
24 Jan 2021 17:12:39.871,-200639.548830,-863035.786444,-22282.557930
25 Jan 2021 17:12:39.871,-209944.071059,-858101.796189,-14429.574272
26 Jan 2021 17:12:39.871,-218937.420900,-852139.985185,-6560.091929
27 Jan 2021 13:11:54.809,-226179.735138,-846390.782218,-0.000000
28 Jan 2021 13:11:54.809,-235220.138333,-838407.836760,8279.112705
29 Jan 2021 13:11:54.809,-243907.737170,-829378.103080,16548.608789
30 Jan 2021 13:11:54.809,-252231.739473,-819305.234242,24798.293093
31 Jan 2021 13:11:54.809,-260182.980309,-808193.883427,33017.601302
1 Feb 2021 13:11:54.809,-267754.068958,-796049.453316,41195.592654
2 Feb 2021 13:11:54.809,-274939.404822,-782877.934065,49320.939170
3 Feb 2021 13:11:54.809,-281735.123222,-768685.845076,57381.913367
4 Feb 2021 13:11:54.809,-288139.016411,-753480.263725,65366.376916
5 Feb 2021 13:11:54.809,-294150.455092,-737268.917227,73261.772239
6 Feb 2021 13:11:54.809,-299770.322024,-720060.317655,81055.118404
7 Feb 2021 13:11:54.809,-305000.961975,-701863.925766,88733.012123
8 Feb 2021 13:11:54.809,-309846.148838,-682690.333727,96281.634317
9 Feb 2021 13:11:54.809,-314311.068965,-662551.459496,103686.762470
10 Feb 2021 13:11:54.809,-318402.318599,-641460.747199,110933.788899
11 Feb 2021 13:11:54.809,-322127.912054,-619433.368866,118007.745033
12 Feb 2021 13:11:54.809,-325497.296140,-596486.423704,124893.331846
13 Feb 2021 13:11:54.809,-328521.365319,-572639.131894,131574.956722
14 Feb 2021 13:11:54.809,-331212.471709,-547913.020436,138036.777094
15 Feb 2021 13:11:54.809,-333584.424402,-522332.098703,144262.751243
16 Feb 2021 13:11:54.809,-335652.473706,-495923.020734,150236.696494
17 Feb 2021 13:11:54.809,-337433.277616,-468715.229787,155942.354774
18 Feb 2021 13:11:54.809,-338944.849438,-440741.078036,161363.465079
19 Feb 2021 13:11:54.809,-340206.486235,-412035.910343,166483.842074
20 Feb 2021 13:11:54.809,-341238.675645,-382638.095495,171287.460175
21 Feb 2021 13:11:54.809,-342062.970430,-352588.981457,175758.544011
22 Feb 2021 13:11:54.809,-342701.800281,-321932.745587,179881.670726
23 Feb 2021 13:11:54.809,-343178.153405,-290716.115672,183641.899414
24 Feb 2021 13:11:54.809,-343515.012761,-258987.974749,187024.957744
25 Feb 2021 13:11:54.809,-343734.420879,-226798.958723,190017.524585
26 Feb 2021 13:11:54.809,-343856.180813,-194201.286953,192607.619776
27 Feb 2021 13:11:54.809,-343896.536785,-161249.067639,194785.023236
28 Feb 2021 13:11:54.809,-343867.455507,-127998.995211,196541.555438
1 Mar 2021 13:11:54.809,-343776.869619,-94510.914970,197871.099649
2 Mar 2021 13:11:54.809,-343629.556591,-60847.748117,198769.430283
3 Mar 2021 13:11:54.809,-343427.990362,-27074.773375,199234.020565
4 Mar 2021 08:24:51.247,-343227.970525,-0.000000,199292.655400
4 Mar 2021 08:24:51.247,-343227.970525,0.000001,199292.655400
5 Mar 2021 08:24:51.247,-342555.175096,34635.185563,198005.196312
6 Mar 2021 08:24:51.247,-341795.440308,69178.015506,196287.727334
7 Mar 2021 08:24:51.247,-340943.273647,103560.260624,194146.187991
8 Mar 2021 08:24:51.247,-339990.685151,137715.337951,191588.178373
9 Mar 2021 08:24:51.247,-338927.166759,171578.793779,188622.906189
10 Mar 2021 08:24:51.247,-337739.768032,205088.702944,185261.097729
11 Mar 2021 08:24:51.247,-336413.259602,238185.991113,181514.877217
12 Mar 2021 08:24:51.247,-334930.369361,270814.682070,177397.620957
13 Mar 2021 08:24:51.247,-333272.074493,302922.071121,172923.793312
14 Mar 2021 08:24:51.247,-331417.932439,334458.826845,168108.771567
15 Mar 2021 08:24:51.247,-329346.434931,365379.025272,162968.666293
16 Mar 2021 08:24:51.247,-327035.370843,395640.122444,157520.143173
17 Mar 2021 08:24:51.247,-324462.185686,425202.872704,151780.251363
18 Mar 2021 08:24:51.247,-321604.328038,454031.200905,145766.262451
19 Mar 2021 08:24:51.247,-318439.575973,482092.037008,139495.523014
20 Mar 2021 08:24:51.247,-314946.339408,509355.121415,132985.322731
21 Mar 2021 08:24:51.247,-311103.937174,535792.789111,126252.779081
22 Mar 2021 08:24:51.247,-306892.850261,561379.740615,119314.738870
23 Mar 2021 08:24:51.247,-302294.954895,586092.808402,112187.696223
24 Mar 2021 08:24:51.247,-297293.740285,609910.729675,104887.726245
25 Mar 2021 08:24:51.247,-291874.514796,632813.941207,97430.433345
26 Mar 2021 08:24:51.247,-286024.598252,654784.420360,89830.913211
27 Mar 2021 08:24:51.247,-279733.482295,675805.606872,82103.727663
28 Mar 2021 08:24:51.247,-272992.910829,695862.443263,74262.892143
29 Mar 2021 08:24:51.247,-265796.796125,714941.543924,66321.876119
30 Mar 2021 08:24:51.247,-258140.885743,733031.416841,58293.616178
31 Mar 2021 08:24:51.247,-250022.203447,750122.547556,50190.538749
1 Apr 2021 08:24:51.247,-241438.490152,766207.155462,42024.584881
2 Apr 2021 08:24:51.247,-232387.954436,781278.651091,33807.228621
3 Apr 2021 08:24:51.247,-222869.430586,795331.064874,25549.486684
4 Apr 2021 08:24:51.247,-212882.747684,808358.698829,17261.924411
5 Apr 2021 08:24:51.247,-202429.050219,820356.041038,8954.663957
6 Apr 2021 08:24:51.247,-191510.949074,831317.838500,637.396880
6 Apr 2021 10:15:11.035,-190655.379935,832114.856361,-0.000000
6 Apr 2021 10:16:11.035,-190650.304249,832121.706897,-5.946021
6 Apr 2021 10:26:11.035,-190599.535640,832190.188184,-65.406227
6 Apr 2021 12:02:53.342,-190107.475517,832850.178179,-640.416211
7 Apr 2021 00:05:12.187,-186369.214710,837650.066889,-4935.016188
8 Apr 2021 00:05:12.187,-178588.621235,846533.162882,-13491.588683
9 Apr 2021 00:05:12.187,-170378.611321,854496.576489,-22033.905100
10 Apr 2021 00:05:12.187,-161748.957976,861533.744952,-30553.297167
11 Apr 2021 00:05:12.187,-152710.239802,867638.976405,-39041.394587
12 Apr 2021 00:05:12.187,-143273.724016,872807.455874,-47490.118872
13 Apr 2021 00:05:12.187,-133451.258690,877035.236003,-55891.677196
14 Apr 2021 00:05:12.187,-123255.176165,880319.216157,-64238.556090
15 Apr 2021 00:05:12.187,-112698.208379,882657.112618,-72523.514814
16 Apr 2021 00:05:12.187,-101793.414327,884047.421945,-80739.578189
17 Apr 2021 00:05:12.187,-90554.119757,884489.379093,-88880.028725
18 Apr 2021 00:05:12.187,-78993.869268,883982.911632,-96938.397831
19 Apr 2021 00:05:12.187,-67126.391278,882528.591263,-104908.455910
20 Apr 2021 00:05:12.187,-54965.576651,880127.583923,-112784.201147
21 Apr 2021 00:05:12.187,-42525.472219,876781.600306,-120559.846788
22 Apr 2021 00:05:12.187,-29820.290588,872492.849818,-128229.806846
23 Apr 2021 00:05:12.187,-16864.437068,867264.003328,-135788.680495
24 Apr 2021 00:05:12.187,-3672.552104,861098.173841,-143231.236161
25 Apr 2021 00:05:12.187,9740.438598,853998.929039,-150552.397734
26 Apr 2021 00:05:12.187,23359.286149,845970.352598,-157747.237495
27 Apr 2021 00:05:12.187,37168.429456,837017.164487,-164810.982124
28 Apr 2021 00:05:12.187,51152.101548,827144.882737,-171739.036636
29 Apr 2021 00:05:12.187,65294.552983,816359.961469,-178527.022089
30 Apr 2021 00:05:12.187,79580.338835,804669.812058,-185170.808816
1 May 2021 00:05:12.187,93994.539955,792082.665131,-191666.522060
2 May 2021 00:05:12.187,108522.810432,778607.342741,-198010.513435
3 May 2021 00:05:12.187,123151.263551,764253.067433,-204199.315630
4 May 2021 00:05:12.187,137866.302835,749029.382137,-210229.604314
5 May 2021 00:05:12.187,152654.495936,732946.168936,-216098.179009
6 May 2021 00:05:12.187,167502.527012,716013.715944,-221801.961263
7 May 2021 00:05:12.187,182397.216720,698242.789484,-227338.003144
8 May 2021 00:05:12.187,197325.584406,679644.689832,-232703.499968
9 May 2021 00:05:12.187,212274.930474,660231.284099,-237895.803557
10 May 2021 00:05:12.187,227232.924467,640015.016972,-242912.434269
11 May 2021 00:05:12.187,242187.690487,619008.902339,-247751.091058
12 May 2021 00:05:12.187,257127.885321,597226.499038,-252409.659287
13 May 2021 00:05:12.187,272042.766643,574681.873641,-256886.216202
14 May 2021 00:05:12.187,286922.249673,551389.552810,-261179.034013
15 May 2021 00:05:12.187,301756.951201,527364.467582,-265286.580533
16 May 2021 00:05:12.187,316538.220179,502621.891845,-269207.517347
17 May 2021 00:05:12.187,331258.154293,477177.377372,-272940.695514
18 May 2021 00:05:12.187,345909.602165,451046.688014,-276485.148813
19 May 2021 00:05:12.187,360486.151159,424245.736109,-279840.084691
20 May 2021 00:05:12.187,374982.101489,396790.524954,-283004.873239
21 May 2021 00:05:12.187,389392.428891,368697.102306,-285979.035003
22 May 2021 00:05:12.187,403712.741232,339981.531110,-288762.229247
23 May 2021 00:05:12.187,417939.239963,310659.883841,-291354.245654
24 May 2021 00:05:12.187,432068.704962,280748.263393,-293755.003987
25 May 2021 00:05:12.187,446098.526971,250262.842280,-295964.566674
26 May 2021 00:05:12.187,460026.804631,219219.892047,-297983.165782
27 May 2021 00:05:12.187,473852.491094,187635.758435,-299811.236592
28 May 2021 00:05:12.187,487575.528102,155526.751615,-301449.439961
29 May 2021 00:05:12.187,501196.889835,122908.974049,-302898.657112
30 May 2021 00:05:12.187,514718.509760,89798.156681,-304159.957746
31 May 2021 00:05:12.187,528143.139120,56209.563421,-305234.559361
1 Jun 2021 00:05:12.187,541474.211954,22157.969429,-306123.796166
1 Jun 2021 15:32:09.635,550008.056622,-0.000000,-306598.814569

